Filename,Output,Delay
cleaned_transformed_ds4.csv,out1_0sec,6.999999974059993
cleaned_transformed_ds4.csv,out2_0sec,1.9999999656552216
cleaned_transformed_ds4.csv,out3_0sec,6.999999957451164
cleaned_transformed_ds4.csv,out4_0sec,0.9999999950011004
cleaned_transformed_ds4.csv,out5_0sec,1.000000079274224
cleaned_transformed_ds4.csv,out6_0sec,2.999999879871932
cleaned_transformed_ds4.csv,out7_0sec,6.999999985649483
cleaned_transformed_ds4.csv,out8_0sec,4.999999908148248
cleaned_transformed_ds4.csv,out1_2sec_shift,3.0000002455838333
cleaned_transformed_ds4.csv,out1_2sec_shift_noise,3.0000002455838333
cleaned_transformed_ds4.csv,out1_2sec_shift_filt,3.0000002455838333
cleaned_transformed_ds4.csv,out1_2sec_shift_noise_filt,3.0000002455838333
cleaned_transformed_ds4.csv,out1_4sec_shift,0.0
cleaned_transformed_ds4.csv,out1_4sec_shift_noise,0.0
cleaned_transformed_ds4.csv,out1_4sec_shift_filt,4.000000129766521
cleaned_transformed_ds4.csv,out1_4sec_shift_noise_filt,4.000000129766521
cleaned_transformed_ds4.csv,out1_6sec_shift,1.0000000819016932
cleaned_transformed_ds4.csv,out1_6sec_shift_noise,1.0000000819016932
cleaned_transformed_ds4.csv,out1_6sec_shift_filt,6.999999974059993
cleaned_transformed_ds4.csv,out1_6sec_shift_noise_filt,6.999999974059993
cleaned_transformed_ds4.csv,out1_8sec_shift,3.0000002455838333
cleaned_transformed_ds4.csv,out1_8sec_shift_noise,3.0000002455838333
cleaned_transformed_ds4.csv,out1_8sec_shift_filt,4.000000129766521
cleaned_transformed_ds4.csv,out1_8sec_shift_noise_filt,4.000000129766521
cleaned_transformed_ds4.csv,out1_10sec_shift,2.000000161122106
cleaned_transformed_ds4.csv,out1_10sec_shift_noise,2.000000161122106
cleaned_transformed_ds4.csv,out1_10sec_shift_filt,3.000000035791503
cleaned_transformed_ds4.csv,out1_10sec_shift_noise_filt,3.000000035791503
cleaned_transformed_ds4.csv,out2_2sec_shift,3.000000058317239
cleaned_transformed_ds4.csv,out2_2sec_shift_noise,3.000000058317239
cleaned_transformed_ds4.csv,out2_2sec_shift_filt,6.999999965235107
cleaned_transformed_ds4.csv,out2_2sec_shift_noise_filt,4.000000150970686
cleaned_transformed_ds4.csv,out2_4sec_shift,1.999999966499036
cleaned_transformed_ds4.csv,out2_4sec_shift_noise,1.999999966499036
cleaned_transformed_ds4.csv,out2_4sec_shift_filt,1.0000000794705506
cleaned_transformed_ds4.csv,out2_4sec_shift_noise_filt,1.0000000794705506
cleaned_transformed_ds4.csv,out2_6sec_shift,6.999999970557006
cleaned_transformed_ds4.csv,out2_6sec_shift_noise,6.999999970557006
cleaned_transformed_ds4.csv,out2_6sec_shift_filt,1.0000000810829608
cleaned_transformed_ds4.csv,out2_6sec_shift_noise_filt,1.0000000810829608
cleaned_transformed_ds4.csv,out2_8sec_shift,3.000000071890108
cleaned_transformed_ds4.csv,out2_8sec_shift_noise,3.000000071890108
cleaned_transformed_ds4.csv,out2_8sec_shift_filt,4.999999744916937
cleaned_transformed_ds4.csv,out2_8sec_shift_noise_filt,4.999999744916937
cleaned_transformed_ds4.csv,out2_10sec_shift,1.0000000810829608
cleaned_transformed_ds4.csv,out2_10sec_shift_noise,6.999999970557006
cleaned_transformed_ds4.csv,out2_10sec_shift_filt,2.000000064046717
cleaned_transformed_ds4.csv,out2_10sec_shift_noise_filt,2.000000064046717
cleaned_transformed_ds4.csv,out3_2sec_shift,3.000000071890108
cleaned_transformed_ds4.csv,out3_2sec_shift_noise,3.000000071890108
cleaned_transformed_ds4.csv,out3_2sec_shift_filt,6.999999970557006
cleaned_transformed_ds4.csv,out3_2sec_shift_noise_filt,6.999999970557006
cleaned_transformed_ds4.csv,out3_4sec_shift,3.000000071890108
cleaned_transformed_ds4.csv,out3_4sec_shift_noise,3.000000071890108
cleaned_transformed_ds4.csv,out3_4sec_shift_filt,3.999999975168972
cleaned_transformed_ds4.csv,out3_4sec_shift_noise_filt,3.999999975168972
cleaned_transformed_ds4.csv,out3_6sec_shift,2.000000064046717
cleaned_transformed_ds4.csv,out3_6sec_shift_noise,6.999999970557006
cleaned_transformed_ds4.csv,out3_6sec_shift_filt,1.0000000810829608
cleaned_transformed_ds4.csv,out3_6sec_shift_noise_filt,1.0000000810829608
cleaned_transformed_ds4.csv,out3_8sec_shift,3.000000071890108
cleaned_transformed_ds4.csv,out3_8sec_shift_noise,3.000000071890108
cleaned_transformed_ds4.csv,out3_8sec_shift_filt,3.999999975168972
cleaned_transformed_ds4.csv,out3_8sec_shift_noise_filt,2.000000064046717
cleaned_transformed_ds4.csv,out3_10sec_shift,1.0000000810829608
cleaned_transformed_ds4.csv,out3_10sec_shift_noise,1.0000000810829608
cleaned_transformed_ds4.csv,out3_10sec_shift_filt,6.999999970557006
cleaned_transformed_ds4.csv,out3_10sec_shift_noise_filt,3.999999975168972
cleaned_transformed_ds4.csv,out4_2sec_shift,1.9999999950071048
cleaned_transformed_ds4.csv,out4_2sec_shift_noise,1.9999999950071048
cleaned_transformed_ds4.csv,out4_2sec_shift_filt,6.999999978477658
cleaned_transformed_ds4.csv,out4_2sec_shift_noise_filt,6.999999978477658
cleaned_transformed_ds4.csv,out4_4sec_shift,2.9999998881886323
cleaned_transformed_ds4.csv,out4_4sec_shift_noise,2.9999998881886323
cleaned_transformed_ds4.csv,out4_4sec_shift_filt,5.999999916178299
cleaned_transformed_ds4.csv,out4_4sec_shift_noise_filt,5.999999916178299
cleaned_transformed_ds4.csv,out4_6sec_shift,0.0
cleaned_transformed_ds4.csv,out4_6sec_shift_noise,5.999999916178299
cleaned_transformed_ds4.csv,out4_6sec_shift_filt,2.9999998881886323
cleaned_transformed_ds4.csv,out4_6sec_shift_noise_filt,2.9999998881886323
cleaned_transformed_ds4.csv,out4_8sec_shift,2.9999998881886323
cleaned_transformed_ds4.csv,out4_8sec_shift_noise,2.9999998881886323
cleaned_transformed_ds4.csv,out4_8sec_shift_filt,0.0
cleaned_transformed_ds4.csv,out4_8sec_shift_noise_filt,0.0
cleaned_transformed_ds4.csv,out4_10sec_shift,0.0
cleaned_transformed_ds4.csv,out4_10sec_shift_noise,6.999999965035974
cleaned_transformed_ds4.csv,out4_10sec_shift_filt,2.000000060286634
cleaned_transformed_ds4.csv,out4_10sec_shift_noise_filt,2.000000060286634
cleaned_transformed_ds4.csv,out5_2sec_shift,0.0
cleaned_transformed_ds4.csv,out5_2sec_shift_noise,0.0
cleaned_transformed_ds4.csv,out5_2sec_shift_filt,0.0
cleaned_transformed_ds4.csv,out5_2sec_shift_noise_filt,0.0
cleaned_transformed_ds4.csv,out5_4sec_shift,0.0
cleaned_transformed_ds4.csv,out5_4sec_shift_noise,0.0
cleaned_transformed_ds4.csv,out5_4sec_shift_filt,6.999999966454648
cleaned_transformed_ds4.csv,out5_4sec_shift_noise_filt,6.999999966454648
cleaned_transformed_ds4.csv,out5_6sec_shift,2.999999883974538
cleaned_transformed_ds4.csv,out5_6sec_shift_noise,2.999999883974538
cleaned_transformed_ds4.csv,out5_6sec_shift_filt,0.0
cleaned_transformed_ds4.csv,out5_6sec_shift_noise_filt,0.0
cleaned_transformed_ds4.csv,out5_8sec_shift,2.999999883974538
cleaned_transformed_ds4.csv,out5_8sec_shift_noise,2.999999883974538
cleaned_transformed_ds4.csv,out5_8sec_shift_filt,1.9999999653551472
cleaned_transformed_ds4.csv,out5_8sec_shift_noise_filt,1.9999999653551472
cleaned_transformed_ds4.csv,out5_10sec_shift,2.999999883974538
cleaned_transformed_ds4.csv,out5_10sec_shift_noise,2.999999883974538
cleaned_transformed_ds4.csv,out5_10sec_shift_filt,1.0000000792388413
cleaned_transformed_ds4.csv,out5_10sec_shift_noise_filt,1.0000000792388413
cleaned_transformed_ds4.csv,out6_2sec_shift,5.999999915227798
cleaned_transformed_ds4.csv,out6_2sec_shift_noise,4.999999995292265
cleaned_transformed_ds4.csv,out6_2sec_shift_filt,5.999999915227798
cleaned_transformed_ds4.csv,out6_2sec_shift_noise_filt,5.999999910674764
cleaned_transformed_ds4.csv,out6_4sec_shift,4.9999998991517405
cleaned_transformed_ds4.csv,out6_4sec_shift_noise,3.000000227287474
cleaned_transformed_ds4.csv,out6_4sec_shift_filt,2.9999999743236616
cleaned_transformed_ds4.csv,out6_4sec_shift_noise_filt,4.999999995291915
cleaned_transformed_ds4.csv,out6_6sec_shift,2.000000056270584
cleaned_transformed_ds4.csv,out6_6sec_shift_noise,1.0000000783810992
cleaned_transformed_ds4.csv,out6_6sec_shift_filt,6.999999961129036
cleaned_transformed_ds4.csv,out6_6sec_shift_noise_filt,2.9999999951022938
cleaned_transformed_ds4.csv,out6_8sec_shift,5.999999915227798
cleaned_transformed_ds4.csv,out6_8sec_shift_noise,5.999999910674764
cleaned_transformed_ds4.csv,out6_8sec_shift_filt,2.999999879871932
cleaned_transformed_ds4.csv,out6_8sec_shift_noise_filt,0.9999999949121384
cleaned_transformed_ds4.csv,out6_10sec_shift,4.999999911283283
cleaned_transformed_ds4.csv,out6_10sec_shift_noise,5.999999913881923
cleaned_transformed_ds4.csv,out6_10sec_shift_filt,4.999999911283283
cleaned_transformed_ds4.csv,out6_10sec_shift_noise_filt,3.999999955527752
cleaned_transformed_ds4.csv,out7_2sec_shift,0.0
cleaned_transformed_ds4.csv,out7_2sec_shift_noise,0.0
cleaned_transformed_ds4.csv,out7_2sec_shift_filt,0.0
cleaned_transformed_ds4.csv,out7_2sec_shift_noise_filt,0.0
cleaned_transformed_ds4.csv,out7_4sec_shift,0.0
cleaned_transformed_ds4.csv,out7_4sec_shift_noise,0.0
cleaned_transformed_ds4.csv,out7_4sec_shift_filt,6.999999985649483
cleaned_transformed_ds4.csv,out7_4sec_shift_noise_filt,6.999999985649483
cleaned_transformed_ds4.csv,out7_6sec_shift,6.999999985649483
cleaned_transformed_ds4.csv,out7_6sec_shift_noise,6.999999985649483
cleaned_transformed_ds4.csv,out7_6sec_shift_filt,0.0
cleaned_transformed_ds4.csv,out7_6sec_shift_noise_filt,0.0
cleaned_transformed_ds4.csv,out7_8sec_shift,3.000000044100234
cleaned_transformed_ds4.csv,out7_8sec_shift_noise,3.000000044100234
cleaned_transformed_ds4.csv,out7_8sec_shift_filt,1.0000000769851038
cleaned_transformed_ds4.csv,out7_8sec_shift_noise_filt,1.0000000769851038
cleaned_transformed_ds4.csv,out7_10sec_shift,0.0
cleaned_transformed_ds4.csv,out7_10sec_shift_noise,0.0
cleaned_transformed_ds4.csv,out7_10sec_shift_filt,5.999999921402661
cleaned_transformed_ds4.csv,out7_10sec_shift_noise_filt,5.999999921402661
cleaned_transformed_ds4.csv,out8_2sec_shift,5.99999991238796
cleaned_transformed_ds4.csv,out8_2sec_shift_noise,5.99999991238796
cleaned_transformed_ds4.csv,out8_2sec_shift_filt,5.99999991238796
cleaned_transformed_ds4.csv,out8_2sec_shift_noise_filt,4.999999908148248
cleaned_transformed_ds4.csv,out8_4sec_shift,1.0000000756861978
cleaned_transformed_ds4.csv,out8_4sec_shift_noise,1.0000000756861978
cleaned_transformed_ds4.csv,out8_4sec_shift_filt,1.0000000756861978
cleaned_transformed_ds4.csv,out8_4sec_shift_noise_filt,1.0000000756861978
cleaned_transformed_ds4.csv,out8_6sec_shift,4.000000142151359
cleaned_transformed_ds4.csv,out8_6sec_shift_noise,4.000000142151359
cleaned_transformed_ds4.csv,out8_6sec_shift_filt,4.000000142151359
cleaned_transformed_ds4.csv,out8_6sec_shift_noise_filt,4.000000142151359
cleaned_transformed_ds4.csv,out8_8sec_shift,4.999999907792234
cleaned_transformed_ds4.csv,out8_8sec_shift_noise,4.999999907792234
cleaned_transformed_ds4.csv,out8_8sec_shift_filt,1.0000000754801863
cleaned_transformed_ds4.csv,out8_8sec_shift_noise_filt,1.0000000754801863
cleaned_transformed_ds4.csv,out8_10sec_shift,5.99999991238796
cleaned_transformed_ds4.csv,out8_10sec_shift_noise,4.000000126204851
cleaned_transformed_ds4.csv,out8_10sec_shift_filt,5.99999991238796
cleaned_transformed_ds4.csv,out8_10sec_shift_noise_filt,5.99999991238796
cleaned_transformed_ds5.csv,out1_0sec,4.000000120131721
cleaned_transformed_ds5.csv,out2_0sec,0.0
cleaned_transformed_ds5.csv,out3_0sec,0.0
cleaned_transformed_ds5.csv,out4_0sec,2.0000001602156146
cleaned_transformed_ds5.csv,out5_0sec,1.0000000824804407
cleaned_transformed_ds5.csv,out6_0sec,0.0
cleaned_transformed_ds5.csv,out7_0sec,6.999999957451164
cleaned_transformed_ds5.csv,out8_0sec,4.000000150970686
cleaned_transformed_ds5.csv,out1_2sec_shift,1.9999999468939784
cleaned_transformed_ds5.csv,out1_2sec_shift_noise,1.9999999468939784
cleaned_transformed_ds5.csv,out1_2sec_shift_filt,4.000000120131721
cleaned_transformed_ds5.csv,out1_2sec_shift_noise_filt,4.000000120131721
cleaned_transformed_ds5.csv,out1_4sec_shift,0.0
cleaned_transformed_ds5.csv,out1_4sec_shift_noise,0.0
cleaned_transformed_ds5.csv,out1_4sec_shift_filt,1.000000075361616
cleaned_transformed_ds5.csv,out1_4sec_shift_noise_filt,1.000000075361616
cleaned_transformed_ds5.csv,out1_6sec_shift,6.999999962731853
cleaned_transformed_ds5.csv,out1_6sec_shift_noise,6.999999962731853
cleaned_transformed_ds5.csv,out1_6sec_shift_filt,0.0
cleaned_transformed_ds5.csv,out1_6sec_shift_noise_filt,0.0
cleaned_transformed_ds5.csv,out1_8sec_shift,1.9999999468939784
cleaned_transformed_ds5.csv,out1_8sec_shift_noise,1.9999999468939784
cleaned_transformed_ds5.csv,out1_8sec_shift_filt,0.0
cleaned_transformed_ds5.csv,out1_8sec_shift_noise_filt,0.0
cleaned_transformed_ds5.csv,out1_10sec_shift,0.0
cleaned_transformed_ds5.csv,out1_10sec_shift_noise,0.0
cleaned_transformed_ds5.csv,out1_10sec_shift_filt,1.000000075361616
cleaned_transformed_ds5.csv,out1_10sec_shift_noise_filt,1.000000075361616
cleaned_transformed_ds5.csv,out2_2sec_shift,2.9999998881886323
cleaned_transformed_ds5.csv,out2_2sec_shift_noise,2.9999998881886323
cleaned_transformed_ds5.csv,out2_2sec_shift_filt,0.9999999778383382
cleaned_transformed_ds5.csv,out2_2sec_shift_noise_filt,0.9999999778383382
cleaned_transformed_ds5.csv,out2_4sec_shift,4.999999739623903
cleaned_transformed_ds5.csv,out2_4sec_shift_noise,4.999999739623903
cleaned_transformed_ds5.csv,out2_4sec_shift_filt,0.9999999778383382
cleaned_transformed_ds5.csv,out2_4sec_shift_noise_filt,0.0
cleaned_transformed_ds5.csv,out2_6sec_shift,0.9999999778383382
cleaned_transformed_ds5.csv,out2_6sec_shift_noise,6.999999965035974
cleaned_transformed_ds5.csv,out2_6sec_shift_filt,0.0
cleaned_transformed_ds5.csv,out2_6sec_shift_noise_filt,2.000000060286634
cleaned_transformed_ds5.csv,out2_8sec_shift,6.999999965035974
cleaned_transformed_ds5.csv,out2_8sec_shift_noise,2.9999998881886323
cleaned_transformed_ds5.csv,out2_8sec_shift_filt,0.9999999778383382
cleaned_transformed_ds5.csv,out2_8sec_shift_noise_filt,2.000000060286634
cleaned_transformed_ds5.csv,out2_10sec_shift,2.9999998881886323
cleaned_transformed_ds5.csv,out2_10sec_shift_noise,2.9999998881886323
cleaned_transformed_ds5.csv,out2_10sec_shift_filt,2.9999998881886323
cleaned_transformed_ds5.csv,out2_10sec_shift_noise_filt,2.9999998881886323
cleaned_transformed_ds5.csv,out3_2sec_shift,2.000000060286634
cleaned_transformed_ds5.csv,out3_2sec_shift_noise,2.000000060286634
cleaned_transformed_ds5.csv,out3_2sec_shift_filt,0.9999999778383382
cleaned_transformed_ds5.csv,out3_2sec_shift_noise_filt,0.0
cleaned_transformed_ds5.csv,out3_4sec_shift,2.000000060286634
cleaned_transformed_ds5.csv,out3_4sec_shift_noise,2.000000060286634
cleaned_transformed_ds5.csv,out3_4sec_shift_filt,2.9999998881886323
cleaned_transformed_ds5.csv,out3_4sec_shift_noise_filt,0.9999999778383382
cleaned_transformed_ds5.csv,out3_6sec_shift,0.0
cleaned_transformed_ds5.csv,out3_6sec_shift_noise,2.9999998881886323
cleaned_transformed_ds5.csv,out3_6sec_shift_filt,6.999999965035974
cleaned_transformed_ds5.csv,out3_6sec_shift_noise_filt,6.999999965035974
cleaned_transformed_ds5.csv,out3_8sec_shift,6.999999965035974
cleaned_transformed_ds5.csv,out3_8sec_shift_noise,6.999999965035974
cleaned_transformed_ds5.csv,out3_8sec_shift_filt,6.999999965035974
cleaned_transformed_ds5.csv,out3_8sec_shift_noise_filt,6.999999965035974
cleaned_transformed_ds5.csv,out3_10sec_shift,6.999999965035974
cleaned_transformed_ds5.csv,out3_10sec_shift_noise,5.999999916178299
cleaned_transformed_ds5.csv,out3_10sec_shift_filt,2.9999998881886323
cleaned_transformed_ds5.csv,out3_10sec_shift_noise_filt,2.9999998881886323
cleaned_transformed_ds5.csv,out4_2sec_shift,2.0000001602156146
cleaned_transformed_ds5.csv,out4_2sec_shift_noise,0.0
cleaned_transformed_ds5.csv,out4_2sec_shift_filt,5.999999921402661
cleaned_transformed_ds5.csv,out4_2sec_shift_noise_filt,5.999999921402661
cleaned_transformed_ds5.csv,out4_4sec_shift,6.999999956652752
cleaned_transformed_ds5.csv,out4_4sec_shift_noise,2.000000161122106
cleaned_transformed_ds5.csv,out4_4sec_shift_filt,0.0
cleaned_transformed_ds5.csv,out4_4sec_shift_noise_filt,1.00000007932278
cleaned_transformed_ds5.csv,out4_6sec_shift,6.999999960662153
cleaned_transformed_ds5.csv,out4_6sec_shift_noise,6.999999956652752
cleaned_transformed_ds5.csv,out4_6sec_shift_filt,5.999999910029443
cleaned_transformed_ds5.csv,out4_6sec_shift_noise_filt,5.999999910029443
cleaned_transformed_ds5.csv,out4_8sec_shift,0.0
cleaned_transformed_ds5.csv,out4_8sec_shift_noise,3.0000000610835493
cleaned_transformed_ds5.csv,out4_8sec_shift_filt,6.999999960662153
cleaned_transformed_ds5.csv,out4_8sec_shift_noise_filt,6.999999960662153
cleaned_transformed_ds5.csv,out4_10sec_shift,1.9999999657547247
cleaned_transformed_ds5.csv,out4_10sec_shift_noise,6.999999960662153
cleaned_transformed_ds5.csv,out4_10sec_shift_filt,5.999999910029443
cleaned_transformed_ds5.csv,out4_10sec_shift_noise_filt,5.999999910029443
cleaned_transformed_ds5.csv,out5_2sec_shift,2.9999998881603624
cleaned_transformed_ds5.csv,out5_2sec_shift_noise,2.9999998881603624
cleaned_transformed_ds5.csv,out5_2sec_shift_filt,4.000000132704014
cleaned_transformed_ds5.csv,out5_2sec_shift_noise_filt,4.000000132704014
cleaned_transformed_ds5.csv,out5_4sec_shift,5.999999915666766
cleaned_transformed_ds5.csv,out5_4sec_shift_noise,5.999999915666766
cleaned_transformed_ds5.csv,out5_4sec_shift_filt,6.999999957451164
cleaned_transformed_ds5.csv,out5_4sec_shift_noise_filt,6.999999957451164
cleaned_transformed_ds5.csv,out5_6sec_shift,6.999999957451164
cleaned_transformed_ds5.csv,out5_6sec_shift_noise,6.999999957451164
cleaned_transformed_ds5.csv,out5_6sec_shift_filt,1.0000000782336138
cleaned_transformed_ds5.csv,out5_6sec_shift_noise_filt,1.0000000782336138
cleaned_transformed_ds5.csv,out5_8sec_shift,1.9999999657547247
cleaned_transformed_ds5.csv,out5_8sec_shift_noise,1.9999999657547247
cleaned_transformed_ds5.csv,out5_8sec_shift_filt,4.00000011105163
cleaned_transformed_ds5.csv,out5_8sec_shift_noise_filt,4.00000011105163
cleaned_transformed_ds5.csv,out5_10sec_shift,1.9999999656552216
cleaned_transformed_ds5.csv,out5_10sec_shift_noise,3.000000236991284
cleaned_transformed_ds5.csv,out5_10sec_shift_filt,6.999999963349971
cleaned_transformed_ds5.csv,out5_10sec_shift_noise_filt,6.999999963349971
cleaned_transformed_ds5.csv,out6_2sec_shift,0.9999999949122932
cleaned_transformed_ds5.csv,out6_2sec_shift_noise,2.9999999951020726
cleaned_transformed_ds5.csv,out6_2sec_shift_filt,1.999999995007086
cleaned_transformed_ds5.csv,out6_2sec_shift_noise_filt,1.999999995007086
cleaned_transformed_ds5.csv,out6_4sec_shift,0.0
cleaned_transformed_ds5.csv,out6_4sec_shift_noise,5.999999913987171
cleaned_transformed_ds5.csv,out6_4sec_shift_filt,1.9999999843722285
cleaned_transformed_ds5.csv,out6_4sec_shift_noise_filt,4.999999995292241
cleaned_transformed_ds5.csv,out6_6sec_shift,1.000000072340138
cleaned_transformed_ds5.csv,out6_6sec_shift_noise,2.9999998868156004
cleaned_transformed_ds5.csv,out6_6sec_shift_filt,3.99999999501923
cleaned_transformed_ds5.csv,out6_6sec_shift_noise_filt,3.9999999462179416
cleaned_transformed_ds5.csv,out6_8sec_shift,3.99999999501923
cleaned_transformed_ds5.csv,out6_8sec_shift_noise,3.000000255682301
cleaned_transformed_ds5.csv,out6_8sec_shift_filt,1.000000072340138
cleaned_transformed_ds5.csv,out6_8sec_shift_noise_filt,0.0
cleaned_transformed_ds5.csv,out6_10sec_shift,1.9999999843722285
cleaned_transformed_ds5.csv,out6_10sec_shift_noise,0.999999995001026
cleaned_transformed_ds5.csv,out6_10sec_shift_filt,0.0
cleaned_transformed_ds5.csv,out6_10sec_shift_noise_filt,0.0
cleaned_transformed_ds5.csv,out7_2sec_shift,0.0
cleaned_transformed_ds5.csv,out7_2sec_shift_noise,0.0
cleaned_transformed_ds5.csv,out7_2sec_shift_filt,0.0
cleaned_transformed_ds5.csv,out7_2sec_shift_noise_filt,0.0
cleaned_transformed_ds5.csv,out7_4sec_shift,2.9999998881603624
cleaned_transformed_ds5.csv,out7_4sec_shift_noise,2.9999998881603624
cleaned_transformed_ds5.csv,out7_4sec_shift_filt,6.999999957451164
cleaned_transformed_ds5.csv,out7_4sec_shift_noise_filt,6.999999957451164
cleaned_transformed_ds5.csv,out7_6sec_shift,6.999999957451164
cleaned_transformed_ds5.csv,out7_6sec_shift_noise,6.999999957451164
cleaned_transformed_ds5.csv,out7_6sec_shift_filt,1.0000000782336138
cleaned_transformed_ds5.csv,out7_6sec_shift_noise_filt,1.0000000782336138
cleaned_transformed_ds5.csv,out7_8sec_shift,1.9999999675677445
cleaned_transformed_ds5.csv,out7_8sec_shift_noise,1.9999999675677445
cleaned_transformed_ds5.csv,out7_8sec_shift_filt,1.9999999675677445
cleaned_transformed_ds5.csv,out7_8sec_shift_noise_filt,1.9999999675677445
cleaned_transformed_ds5.csv,out7_10sec_shift,1.0000000782336138
cleaned_transformed_ds5.csv,out7_10sec_shift_noise,1.0000000782336138
cleaned_transformed_ds5.csv,out7_10sec_shift_filt,6.999999957451164
cleaned_transformed_ds5.csv,out7_10sec_shift_noise_filt,6.999999957451164
cleaned_transformed_ds5.csv,out8_2sec_shift,5.999999923878916
cleaned_transformed_ds5.csv,out8_2sec_shift_noise,5.999999923878916
cleaned_transformed_ds5.csv,out8_2sec_shift_filt,4.999999750276305
cleaned_transformed_ds5.csv,out8_2sec_shift_noise_filt,4.999999750276305
cleaned_transformed_ds5.csv,out8_4sec_shift,3.0000000583172386
cleaned_transformed_ds5.csv,out8_4sec_shift_noise,5.999999923878916
cleaned_transformed_ds5.csv,out8_4sec_shift_filt,3.0000000583172386
cleaned_transformed_ds5.csv,out8_4sec_shift_noise_filt,3.0000000583172386
cleaned_transformed_ds5.csv,out8_6sec_shift,5.999999915014849
cleaned_transformed_ds5.csv,out8_6sec_shift_noise,5.999999915014849
cleaned_transformed_ds5.csv,out8_6sec_shift_filt,0.0
cleaned_transformed_ds5.csv,out8_6sec_shift_noise_filt,0.0
cleaned_transformed_ds5.csv,out8_8sec_shift,5.999999917755245
cleaned_transformed_ds5.csv,out8_8sec_shift_noise,5.999999915014849
cleaned_transformed_ds5.csv,out8_8sec_shift_filt,4.000000121080444
cleaned_transformed_ds5.csv,out8_8sec_shift_noise_filt,4.000000121080444
cleaned_transformed_ds5.csv,out8_10sec_shift,5.999999917755245
cleaned_transformed_ds5.csv,out8_10sec_shift_noise,5.999999917755245
cleaned_transformed_ds5.csv,out8_10sec_shift_filt,5.999999917755245
cleaned_transformed_ds5.csv,out8_10sec_shift_noise_filt,5.999999917755245
cleaned_transformed_ds6.csv,out1_0sec,0.99999999500104
cleaned_transformed_ds6.csv,out2_0sec,1.999999995007186
cleaned_transformed_ds6.csv,out3_0sec,0.9999999949122618
cleaned_transformed_ds6.csv,out4_0sec,2.999999995102142
cleaned_transformed_ds6.csv,out5_0sec,0.9999999950011093
cleaned_transformed_ds6.csv,out6_0sec,0.0
cleaned_transformed_ds6.csv,out7_0sec,0.0
cleaned_transformed_ds6.csv,out1_2sec_shift,2.9999999951019816
cleaned_transformed_ds6.csv,out1_2sec_shift_noise,2.9999999951019816
cleaned_transformed_ds6.csv,out1_2sec_shift_filt,0.99999999500104
cleaned_transformed_ds6.csv,out1_2sec_shift_noise_filt,0.99999999500104
cleaned_transformed_ds6.csv,out1_4sec_shift,0.99999999500104
cleaned_transformed_ds6.csv,out1_4sec_shift_noise,0.99999999500104
cleaned_transformed_ds6.csv,out1_4sec_shift_filt,2.9999999951019816
cleaned_transformed_ds6.csv,out1_4sec_shift_noise_filt,2.9999999951019816
cleaned_transformed_ds6.csv,out1_6sec_shift,0.99999999500104
cleaned_transformed_ds6.csv,out1_6sec_shift_noise,0.99999999500104
cleaned_transformed_ds6.csv,out1_6sec_shift_filt,0.99999999500104
cleaned_transformed_ds6.csv,out1_6sec_shift_noise_filt,0.99999999500104
cleaned_transformed_ds6.csv,out1_8sec_shift,0.99999999500104
cleaned_transformed_ds6.csv,out1_8sec_shift_noise,0.99999999500104
cleaned_transformed_ds6.csv,out1_8sec_shift_filt,0.99999999500104
cleaned_transformed_ds6.csv,out1_8sec_shift_noise_filt,0.99999999500104
cleaned_transformed_ds6.csv,out1_10sec_shift,3.999999995019339
cleaned_transformed_ds6.csv,out1_10sec_shift_noise,3.999999995019339
cleaned_transformed_ds6.csv,out1_10sec_shift_filt,2.9999999951019816
cleaned_transformed_ds6.csv,out1_10sec_shift_noise_filt,2.9999999951019816
cleaned_transformed_ds6.csv,out2_2sec_shift,1.999999995007186
cleaned_transformed_ds6.csv,out2_2sec_shift_noise,2.9999999951019816
cleaned_transformed_ds6.csv,out2_2sec_shift_filt,1.999999995007186
cleaned_transformed_ds6.csv,out2_2sec_shift_noise_filt,1.999999995007186
cleaned_transformed_ds6.csv,out2_4sec_shift,2.999999995102189
cleaned_transformed_ds6.csv,out2_4sec_shift_noise,1.999999995007186
cleaned_transformed_ds6.csv,out2_4sec_shift_filt,0.9999999950011004
cleaned_transformed_ds6.csv,out2_4sec_shift_noise_filt,2.999999995102189
cleaned_transformed_ds6.csv,out2_6sec_shift,1.999999995007186
cleaned_transformed_ds6.csv,out2_6sec_shift_noise,3.999999995019368
cleaned_transformed_ds6.csv,out2_6sec_shift_filt,1.999999995007186
cleaned_transformed_ds6.csv,out2_6sec_shift_noise_filt,0.99999999500104
cleaned_transformed_ds6.csv,out2_8sec_shift,1.999999995007186
cleaned_transformed_ds6.csv,out2_8sec_shift_noise,3.999999995019339
cleaned_transformed_ds6.csv,out2_8sec_shift_filt,0.9999999950011004
cleaned_transformed_ds6.csv,out2_8sec_shift_noise_filt,2.999999995102189
cleaned_transformed_ds6.csv,out2_10sec_shift,1.999999995007166
cleaned_transformed_ds6.csv,out2_10sec_shift_noise,3.999999995019358
cleaned_transformed_ds6.csv,out2_10sec_shift_filt,0.99999999500104
cleaned_transformed_ds6.csv,out2_10sec_shift_noise_filt,0.0
cleaned_transformed_ds6.csv,out3_2sec_shift,0.9999999949122618
cleaned_transformed_ds6.csv,out3_2sec_shift_noise,0.9999999949122618
cleaned_transformed_ds6.csv,out3_2sec_shift_filt,3.999999995019618
cleaned_transformed_ds6.csv,out3_2sec_shift_noise_filt,2.999999807778396
cleaned_transformed_ds6.csv,out3_4sec_shift,0.9999999949122618
cleaned_transformed_ds6.csv,out3_4sec_shift_noise,0.9999999949122618
cleaned_transformed_ds6.csv,out3_4sec_shift_filt,3.999999995019618
cleaned_transformed_ds6.csv,out3_4sec_shift_noise_filt,0.9999999949122618
cleaned_transformed_ds6.csv,out3_6sec_shift,2.999999995102409
cleaned_transformed_ds6.csv,out3_6sec_shift_noise,2.999999995102409
cleaned_transformed_ds6.csv,out3_6sec_shift_filt,2.999999995102409
cleaned_transformed_ds6.csv,out3_6sec_shift_noise_filt,2.999999995102409
cleaned_transformed_ds6.csv,out3_8sec_shift,2.999999995102409
cleaned_transformed_ds6.csv,out3_8sec_shift_noise,2.999999995102409
cleaned_transformed_ds6.csv,out3_8sec_shift_filt,2.999999995102409
cleaned_transformed_ds6.csv,out3_8sec_shift_noise_filt,2.999999995102409
cleaned_transformed_ds6.csv,out3_10sec_shift,2.999999995102409
cleaned_transformed_ds6.csv,out3_10sec_shift_noise,0.9999999949122618
cleaned_transformed_ds6.csv,out3_10sec_shift_filt,0.9999999949122618
cleaned_transformed_ds6.csv,out3_10sec_shift_noise_filt,2.999999995102409
cleaned_transformed_ds6.csv,out4_2sec_shift,0.999999995001099
cleaned_transformed_ds6.csv,out4_2sec_shift_noise,0.999999995001099
cleaned_transformed_ds6.csv,out4_2sec_shift_filt,2.999999995102142
cleaned_transformed_ds6.csv,out4_2sec_shift_noise_filt,2.999999995102142
cleaned_transformed_ds6.csv,out4_4sec_shift,2.999999995102142
cleaned_transformed_ds6.csv,out4_4sec_shift_noise,2.999999995102142
cleaned_transformed_ds6.csv,out4_4sec_shift_filt,2.999999995102142
cleaned_transformed_ds6.csv,out4_4sec_shift_noise_filt,2.999999995102142
cleaned_transformed_ds6.csv,out4_6sec_shift,0.999999995001099
cleaned_transformed_ds6.csv,out4_6sec_shift_noise,0.999999995001099
cleaned_transformed_ds6.csv,out4_6sec_shift_filt,3.999999995019304
cleaned_transformed_ds6.csv,out4_6sec_shift_noise_filt,3.999999995019304
cleaned_transformed_ds6.csv,out4_8sec_shift,0.999999995001099
cleaned_transformed_ds6.csv,out4_8sec_shift_noise,0.999999995001099
cleaned_transformed_ds6.csv,out4_8sec_shift_filt,3.999999995019304
cleaned_transformed_ds6.csv,out4_8sec_shift_noise_filt,3.999999995019304
cleaned_transformed_ds6.csv,out4_10sec_shift,0.999999995001099
cleaned_transformed_ds6.csv,out4_10sec_shift_noise,0.999999995001099
cleaned_transformed_ds6.csv,out4_10sec_shift_filt,2.999999995102142
cleaned_transformed_ds6.csv,out4_10sec_shift_noise_filt,2.999999995102142
cleaned_transformed_ds6.csv,out5_2sec_shift,1.9999999950071088
cleaned_transformed_ds6.csv,out5_2sec_shift_noise,1.9999999950071088
cleaned_transformed_ds6.csv,out5_2sec_shift_filt,2.999999995102025
cleaned_transformed_ds6.csv,out5_2sec_shift_noise_filt,2.999999995102025
cleaned_transformed_ds6.csv,out5_4sec_shift,1.9999999950071088
cleaned_transformed_ds6.csv,out5_4sec_shift_noise,1.9999999950071088
cleaned_transformed_ds6.csv,out5_4sec_shift_filt,3.999999995019383
cleaned_transformed_ds6.csv,out5_4sec_shift_noise_filt,3.999999995019383
cleaned_transformed_ds6.csv,out5_6sec_shift,1.9999999950071088
cleaned_transformed_ds6.csv,out5_6sec_shift_noise,1.9999999950071088
cleaned_transformed_ds6.csv,out5_6sec_shift_filt,2.999999995102025
cleaned_transformed_ds6.csv,out5_6sec_shift_noise_filt,2.999999995102025
cleaned_transformed_ds6.csv,out5_8sec_shift,1.999999995007191
cleaned_transformed_ds6.csv,out5_8sec_shift_noise,1.999999995007191
cleaned_transformed_ds6.csv,out5_8sec_shift_filt,3.999999905191513
cleaned_transformed_ds6.csv,out5_8sec_shift_noise_filt,3.999999905191513
cleaned_transformed_ds6.csv,out5_10sec_shift,3.999999905191513
cleaned_transformed_ds6.csv,out5_10sec_shift_noise,3.999999905191513
cleaned_transformed_ds6.csv,out5_10sec_shift_filt,3.999999905191513
cleaned_transformed_ds6.csv,out5_10sec_shift_noise_filt,3.999999905191513
cleaned_transformed_ds6.csv,out6_2sec_shift,0.0
cleaned_transformed_ds6.csv,out6_2sec_shift_noise,0.0
cleaned_transformed_ds6.csv,out6_2sec_shift_filt,2.999999995102129
cleaned_transformed_ds6.csv,out6_2sec_shift_noise_filt,2.999999995102129
cleaned_transformed_ds6.csv,out6_4sec_shift,0.0
cleaned_transformed_ds6.csv,out6_4sec_shift_noise,0.0
cleaned_transformed_ds6.csv,out6_4sec_shift_filt,0.0
cleaned_transformed_ds6.csv,out6_4sec_shift_noise_filt,0.0
cleaned_transformed_ds6.csv,out6_6sec_shift,2.999999995102129
cleaned_transformed_ds6.csv,out6_6sec_shift_noise,2.999999995102129
cleaned_transformed_ds6.csv,out6_6sec_shift_filt,2.999999995102129
cleaned_transformed_ds6.csv,out6_6sec_shift_noise_filt,2.999999995102129
cleaned_transformed_ds6.csv,out6_8sec_shift,2.999999995102129
cleaned_transformed_ds6.csv,out6_8sec_shift_noise,2.999999995102129
cleaned_transformed_ds6.csv,out6_8sec_shift_filt,2.999999995102129
cleaned_transformed_ds6.csv,out6_8sec_shift_noise_filt,2.999999995102129
cleaned_transformed_ds6.csv,out6_10sec_shift,2.999999995102129
cleaned_transformed_ds6.csv,out6_10sec_shift_noise,2.999999995102129
cleaned_transformed_ds6.csv,out6_10sec_shift_filt,0.0
cleaned_transformed_ds6.csv,out6_10sec_shift_noise_filt,0.0
cleaned_transformed_ds6.csv,out7_2sec_shift,0.0
cleaned_transformed_ds6.csv,out7_2sec_shift_noise,0.0
cleaned_transformed_ds6.csv,out7_2sec_shift_filt,2.999999995102409
cleaned_transformed_ds6.csv,out7_2sec_shift_noise_filt,2.999999995102409
cleaned_transformed_ds6.csv,out7_4sec_shift,0.0
cleaned_transformed_ds6.csv,out7_4sec_shift_noise,0.0
cleaned_transformed_ds6.csv,out7_4sec_shift_filt,0.0
cleaned_transformed_ds6.csv,out7_4sec_shift_noise_filt,0.0
cleaned_transformed_ds6.csv,out7_6sec_shift,2.999999995102409
cleaned_transformed_ds6.csv,out7_6sec_shift_noise,2.999999995102409
cleaned_transformed_ds6.csv,out7_6sec_shift_filt,2.999999995102409
cleaned_transformed_ds6.csv,out7_6sec_shift_noise_filt,2.999999995102409
cleaned_transformed_ds6.csv,out7_8sec_shift,2.999999995102409
cleaned_transformed_ds6.csv,out7_8sec_shift_noise,2.999999995102409
cleaned_transformed_ds6.csv,out7_8sec_shift_filt,2.999999995102409
cleaned_transformed_ds6.csv,out7_8sec_shift_noise_filt,2.999999995102409
cleaned_transformed_ds6.csv,out7_10sec_shift,2.999999995102336
cleaned_transformed_ds6.csv,out7_10sec_shift_noise,2.999999995102336
cleaned_transformed_ds6.csv,out7_10sec_shift_filt,2.999999995102336
cleaned_transformed_ds6.csv,out7_10sec_shift_noise_filt,2.999999995102336
cleaned_transformed_ds7.csv,out1_0sec,1.0000000746774502
cleaned_transformed_ds7.csv,out2_0sec,2.999999995102032
cleaned_transformed_ds7.csv,out3_0sec,1.999999995007166
cleaned_transformed_ds7.csv,out4_0sec,3.999999995019484
cleaned_transformed_ds7.csv,out5_0sec,0.0
cleaned_transformed_ds7.csv,out6_0sec,2.999999995102266
cleaned_transformed_ds7.csv,out7_0sec,2.999999994746654
cleaned_transformed_ds7.csv,out8_0sec,2.9999999951021024
cleaned_transformed_ds7.csv,out1_2sec_shift,0.0
cleaned_transformed_ds7.csv,out1_2sec_shift_noise,0.0
cleaned_transformed_ds7.csv,out1_2sec_shift_filt,0.0
cleaned_transformed_ds7.csv,out1_2sec_shift_noise_filt,0.0
cleaned_transformed_ds7.csv,out1_4sec_shift,4.999999995291829
cleaned_transformed_ds7.csv,out1_4sec_shift_noise,4.999999995291829
cleaned_transformed_ds7.csv,out1_4sec_shift_filt,1.9999999950071847
cleaned_transformed_ds7.csv,out1_4sec_shift_noise_filt,1.9999999950071847
cleaned_transformed_ds7.csv,out1_6sec_shift,2.9999999951020726
cleaned_transformed_ds7.csv,out1_6sec_shift_noise,2.9999999951020726
cleaned_transformed_ds7.csv,out1_6sec_shift_filt,2.9999999951020726
cleaned_transformed_ds7.csv,out1_6sec_shift_noise_filt,2.9999999951020726
cleaned_transformed_ds7.csv,out1_8sec_shift,2.9999999951020726
cleaned_transformed_ds7.csv,out1_8sec_shift_noise,2.9999999951020726
cleaned_transformed_ds7.csv,out1_8sec_shift_filt,1.9999999950071847
cleaned_transformed_ds7.csv,out1_8sec_shift_noise_filt,1.9999999950071847
cleaned_transformed_ds7.csv,out1_10sec_shift,2.999999995102035
cleaned_transformed_ds7.csv,out1_10sec_shift_noise,2.999999995102035
cleaned_transformed_ds7.csv,out1_10sec_shift_filt,0.0
cleaned_transformed_ds7.csv,out1_10sec_shift_noise_filt,0.0
cleaned_transformed_ds7.csv,out2_2sec_shift,2.999999995102032
cleaned_transformed_ds7.csv,out2_2sec_shift_noise,2.00000015931646
cleaned_transformed_ds7.csv,out2_2sec_shift_filt,0.0
cleaned_transformed_ds7.csv,out2_2sec_shift_noise_filt,1.9999999950072456
cleaned_transformed_ds7.csv,out2_4sec_shift,3.9999999950193255
cleaned_transformed_ds7.csv,out2_4sec_shift_noise,2.9999999951021272
cleaned_transformed_ds7.csv,out2_4sec_shift_filt,2.999999995102032
cleaned_transformed_ds7.csv,out2_4sec_shift_noise_filt,1.9999999950071925
cleaned_transformed_ds7.csv,out2_6sec_shift,2.999999995102032
cleaned_transformed_ds7.csv,out2_6sec_shift_noise,1.9999999950070928
cleaned_transformed_ds7.csv,out2_6sec_shift_filt,2.999999995102032
cleaned_transformed_ds7.csv,out2_6sec_shift_noise_filt,2.999999995102032
cleaned_transformed_ds7.csv,out2_8sec_shift,0.0
cleaned_transformed_ds7.csv,out2_8sec_shift_noise,0.999999995001058
cleaned_transformed_ds7.csv,out2_8sec_shift_filt,2.999999995102032
cleaned_transformed_ds7.csv,out2_8sec_shift_noise_filt,2.999999995102032
cleaned_transformed_ds7.csv,out2_10sec_shift,1.9999999950072456
cleaned_transformed_ds7.csv,out2_10sec_shift_noise,1.9999999950070584
cleaned_transformed_ds7.csv,out2_10sec_shift_filt,3.9999999950193255
cleaned_transformed_ds7.csv,out2_10sec_shift_noise_filt,3.999999995019304
cleaned_transformed_ds7.csv,out3_2sec_shift,1.999999995007166
cleaned_transformed_ds7.csv,out3_2sec_shift_noise,1.999999995007166
cleaned_transformed_ds7.csv,out3_2sec_shift_filt,1.9999999950071896
cleaned_transformed_ds7.csv,out3_2sec_shift_noise_filt,1.9999999950071896
cleaned_transformed_ds7.csv,out3_4sec_shift,2.9999999951019816
cleaned_transformed_ds7.csv,out3_4sec_shift_noise,2.99999999501322
cleaned_transformed_ds7.csv,out3_4sec_shift_filt,1.9999999950071896
cleaned_transformed_ds7.csv,out3_4sec_shift_noise_filt,1.9999999950071896
cleaned_transformed_ds7.csv,out3_6sec_shift,1.9999999950071896
cleaned_transformed_ds7.csv,out3_6sec_shift_noise,1.9999999950071896
cleaned_transformed_ds7.csv,out3_6sec_shift_filt,2.99999999501322
cleaned_transformed_ds7.csv,out3_6sec_shift_noise_filt,2.99999999501322
cleaned_transformed_ds7.csv,out3_8sec_shift,1.9999999950071896
cleaned_transformed_ds7.csv,out3_8sec_shift_noise,1.9999999950071896
cleaned_transformed_ds7.csv,out3_8sec_shift_filt,1.9999999950071896
cleaned_transformed_ds7.csv,out3_8sec_shift_noise_filt,1.9999999950071896
cleaned_transformed_ds7.csv,out3_10sec_shift,0.9999999950010904
cleaned_transformed_ds7.csv,out3_10sec_shift_noise,0.9999999950010904
cleaned_transformed_ds7.csv,out3_10sec_shift_filt,0.9999999950010904
cleaned_transformed_ds7.csv,out3_10sec_shift_noise_filt,0.9999999950010904
cleaned_transformed_ds7.csv,out4_2sec_shift,3.999999995019484
cleaned_transformed_ds7.csv,out4_2sec_shift_noise,3.999999995019484
cleaned_transformed_ds7.csv,out4_2sec_shift_filt,3.999999995019484
cleaned_transformed_ds7.csv,out4_2sec_shift_noise_filt,3.999999995019484
cleaned_transformed_ds7.csv,out4_4sec_shift,2.999999995102124
cleaned_transformed_ds7.csv,out4_4sec_shift_noise,2.999999995102124
cleaned_transformed_ds7.csv,out4_4sec_shift_filt,0.9999999949121008
cleaned_transformed_ds7.csv,out4_4sec_shift_noise_filt,0.9999999949121008
cleaned_transformed_ds7.csv,out4_6sec_shift,2.999999995102124
cleaned_transformed_ds7.csv,out4_6sec_shift_noise,2.999999995102124
cleaned_transformed_ds7.csv,out4_6sec_shift_filt,0.0
cleaned_transformed_ds7.csv,out4_6sec_shift_noise_filt,0.0
cleaned_transformed_ds7.csv,out4_8sec_shift,3.999999995019484
cleaned_transformed_ds7.csv,out4_8sec_shift_noise,3.999999995019484
cleaned_transformed_ds7.csv,out4_8sec_shift_filt,2.999999995102124
cleaned_transformed_ds7.csv,out4_8sec_shift_noise_filt,2.999999995102124
cleaned_transformed_ds7.csv,out4_10sec_shift,4.999999995292003
cleaned_transformed_ds7.csv,out4_10sec_shift_noise,4.999999995292003
cleaned_transformed_ds7.csv,out4_10sec_shift_filt,4.999999995292003
cleaned_transformed_ds7.csv,out4_10sec_shift_noise_filt,4.999999995292003
cleaned_transformed_ds7.csv,out5_2sec_shift,1.0000000753723268
cleaned_transformed_ds7.csv,out5_2sec_shift_noise,1.0000000753723268
cleaned_transformed_ds7.csv,out5_2sec_shift_filt,1.0000000753723268
cleaned_transformed_ds7.csv,out5_2sec_shift_noise_filt,1.0000000753723268
cleaned_transformed_ds7.csv,out5_4sec_shift,2.999999995102174
cleaned_transformed_ds7.csv,out5_4sec_shift_noise,2.999999995102174
cleaned_transformed_ds7.csv,out5_4sec_shift_filt,3.9999999749554953
cleaned_transformed_ds7.csv,out5_4sec_shift_noise_filt,3.9999999749554953
cleaned_transformed_ds7.csv,out5_6sec_shift,2.999999995102174
cleaned_transformed_ds7.csv,out5_6sec_shift_noise,2.999999995102174
cleaned_transformed_ds7.csv,out5_6sec_shift_filt,1.0000000753723268
cleaned_transformed_ds7.csv,out5_6sec_shift_noise_filt,1.0000000753723268
cleaned_transformed_ds7.csv,out5_8sec_shift,1.0000000753723268
cleaned_transformed_ds7.csv,out5_8sec_shift_noise,1.0000000753723268
cleaned_transformed_ds7.csv,out5_8sec_shift_filt,2.999999995102174
cleaned_transformed_ds7.csv,out5_8sec_shift_noise_filt,2.999999995102174
cleaned_transformed_ds7.csv,out5_10sec_shift,0.999999994912198
cleaned_transformed_ds7.csv,out5_10sec_shift_noise,0.999999994912198
cleaned_transformed_ds7.csv,out5_10sec_shift_filt,0.999999994912198
cleaned_transformed_ds7.csv,out5_10sec_shift_noise_filt,0.999999994912198
cleaned_transformed_ds7.csv,out6_2sec_shift,0.0
cleaned_transformed_ds7.csv,out6_2sec_shift_noise,0.0
cleaned_transformed_ds7.csv,out6_2sec_shift_filt,1.999999994829388
cleaned_transformed_ds7.csv,out6_2sec_shift_noise_filt,1.999999994829388
cleaned_transformed_ds7.csv,out6_4sec_shift,4.999999995292
cleaned_transformed_ds7.csv,out6_4sec_shift_noise,3.9999999946638938
cleaned_transformed_ds7.csv,out6_4sec_shift_filt,0.0
cleaned_transformed_ds7.csv,out6_4sec_shift_noise_filt,0.0
cleaned_transformed_ds7.csv,out6_6sec_shift,2.999999994746792
cleaned_transformed_ds7.csv,out6_6sec_shift_noise,3.9999999946638938
cleaned_transformed_ds7.csv,out6_6sec_shift_filt,0.0
cleaned_transformed_ds7.csv,out6_6sec_shift_noise_filt,3.9999999946638938
cleaned_transformed_ds7.csv,out6_8sec_shift,4.999999995292
cleaned_transformed_ds7.csv,out6_8sec_shift_noise,0.0
cleaned_transformed_ds7.csv,out6_8sec_shift_filt,0.0
cleaned_transformed_ds7.csv,out6_8sec_shift_noise_filt,4.999999995292
cleaned_transformed_ds7.csv,out6_10sec_shift,2.999999994746792
cleaned_transformed_ds7.csv,out6_10sec_shift_noise,2.999999994746792
cleaned_transformed_ds7.csv,out6_10sec_shift_filt,2.999999994746792
cleaned_transformed_ds7.csv,out6_10sec_shift_noise_filt,2.999999994746792
cleaned_transformed_ds7.csv,out7_2sec_shift,4.999999995291912
cleaned_transformed_ds7.csv,out7_2sec_shift_noise,2.999999994746654
cleaned_transformed_ds7.csv,out7_2sec_shift_filt,0.0
cleaned_transformed_ds7.csv,out7_2sec_shift_noise_filt,0.0
cleaned_transformed_ds7.csv,out7_4sec_shift,0.0
cleaned_transformed_ds7.csv,out7_4sec_shift_noise,3.9999999946642126
cleaned_transformed_ds7.csv,out7_4sec_shift_filt,0.0
cleaned_transformed_ds7.csv,out7_4sec_shift_noise_filt,0.0
cleaned_transformed_ds7.csv,out7_6sec_shift,2.999999994746654
cleaned_transformed_ds7.csv,out7_6sec_shift_noise,0.0
cleaned_transformed_ds7.csv,out7_6sec_shift_filt,1.9999999948294616
cleaned_transformed_ds7.csv,out7_6sec_shift_noise_filt,1.9999999948294616
cleaned_transformed_ds7.csv,out7_8sec_shift,0.9999999949123142
cleaned_transformed_ds7.csv,out7_8sec_shift_noise,0.9999999949123142
cleaned_transformed_ds7.csv,out7_8sec_shift_filt,4.999999995291912
cleaned_transformed_ds7.csv,out7_8sec_shift_noise_filt,4.999999995291912
cleaned_transformed_ds7.csv,out7_10sec_shift,3.9999999946642126
cleaned_transformed_ds7.csv,out7_10sec_shift_noise,3.9999999946642126
cleaned_transformed_ds7.csv,out7_10sec_shift_filt,3.9999999946642126
cleaned_transformed_ds7.csv,out7_10sec_shift_noise_filt,0.0
cleaned_transformed_ds7.csv,out8_2sec_shift,4.999999995114389
cleaned_transformed_ds7.csv,out8_2sec_shift_noise,4.999999995114389
cleaned_transformed_ds7.csv,out8_2sec_shift_filt,0.9999999950011108
cleaned_transformed_ds7.csv,out8_2sec_shift_noise_filt,0.9999999950011108
cleaned_transformed_ds7.csv,out8_4sec_shift,4.999999995114389
cleaned_transformed_ds7.csv,out8_4sec_shift_noise,4.999999995114389
cleaned_transformed_ds7.csv,out8_4sec_shift_filt,0.9999999950011108
cleaned_transformed_ds7.csv,out8_4sec_shift_noise_filt,0.9999999950011108
cleaned_transformed_ds7.csv,out8_6sec_shift,4.999999995114389
cleaned_transformed_ds7.csv,out8_6sec_shift_noise,4.999999995114389
cleaned_transformed_ds7.csv,out8_6sec_shift_filt,2.9999999950132223
cleaned_transformed_ds7.csv,out8_6sec_shift_noise_filt,2.9999999950132223
cleaned_transformed_ds7.csv,out8_8sec_shift,3.999999995019328
cleaned_transformed_ds7.csv,out8_8sec_shift_noise,0.0
cleaned_transformed_ds7.csv,out8_8sec_shift_filt,0.9999999950011108
cleaned_transformed_ds7.csv,out8_8sec_shift_noise_filt,0.9999999950011108
cleaned_transformed_ds7.csv,out8_10sec_shift,2.9999999950132223
cleaned_transformed_ds7.csv,out8_10sec_shift_noise,2.9999999950132223
cleaned_transformed_ds7.csv,out8_10sec_shift_filt,0.0
cleaned_transformed_ds7.csv,out8_10sec_shift_noise_filt,0.0
cleaned_transformed_ds8.csv,out1_0sec,2.9999999951020726
cleaned_transformed_ds8.csv,out2_0sec,0.9999999949121362
cleaned_transformed_ds8.csv,out3_0sec,2.0000001422257543
cleaned_transformed_ds8.csv,out4_0sec,2.999999995102008
cleaned_transformed_ds8.csv,out5_0sec,2.9999999951022747
cleaned_transformed_ds8.csv,out6_0sec,1.999999994829591
cleaned_transformed_ds8.csv,out7_0sec,0.0
cleaned_transformed_ds8.csv,out8_0sec,0.999999994912198
cleaned_transformed_ds8.csv,out1_2sec_shift,3.999999995019113
cleaned_transformed_ds8.csv,out1_2sec_shift_noise,3.999999995019113
cleaned_transformed_ds8.csv,out1_2sec_shift_filt,3.999999995019113
cleaned_transformed_ds8.csv,out1_2sec_shift_noise_filt,3.999999995019113
cleaned_transformed_ds8.csv,out1_4sec_shift,2.9999999951020726
cleaned_transformed_ds8.csv,out1_4sec_shift_noise,2.9999999951020726
cleaned_transformed_ds8.csv,out1_4sec_shift_filt,2.9999999951020726
cleaned_transformed_ds8.csv,out1_4sec_shift_noise_filt,2.9999999951020726
cleaned_transformed_ds8.csv,out1_6sec_shift,3.999999995019113
cleaned_transformed_ds8.csv,out1_6sec_shift_noise,3.999999995019113
cleaned_transformed_ds8.csv,out1_6sec_shift_filt,3.999999995019113
cleaned_transformed_ds8.csv,out1_6sec_shift_noise_filt,3.999999995019113
cleaned_transformed_ds8.csv,out1_8sec_shift,3.999999995019113
cleaned_transformed_ds8.csv,out1_8sec_shift_noise,3.999999995019113
cleaned_transformed_ds8.csv,out1_8sec_shift_filt,1.9999999950071847
cleaned_transformed_ds8.csv,out1_8sec_shift_noise_filt,1.9999999950071847
cleaned_transformed_ds8.csv,out1_10sec_shift,1.999999986390816
cleaned_transformed_ds8.csv,out1_10sec_shift_noise,1.999999986390816
cleaned_transformed_ds8.csv,out1_10sec_shift_filt,4.999999995292241
cleaned_transformed_ds8.csv,out1_10sec_shift_noise_filt,4.999999995292241
cleaned_transformed_ds8.csv,out2_2sec_shift,2.999999995102032
cleaned_transformed_ds8.csv,out2_2sec_shift_noise,0.0
cleaned_transformed_ds8.csv,out2_2sec_shift_filt,2.999999995102032
cleaned_transformed_ds8.csv,out2_2sec_shift_noise_filt,0.9999999949122352
cleaned_transformed_ds8.csv,out2_4sec_shift,0.0
cleaned_transformed_ds8.csv,out2_4sec_shift_noise,1.999999994829392
cleaned_transformed_ds8.csv,out2_4sec_shift_filt,0.9999999949121586
cleaned_transformed_ds8.csv,out2_4sec_shift_noise_filt,4.999999995292487
cleaned_transformed_ds8.csv,out2_6sec_shift,2.9999999951018768
cleaned_transformed_ds8.csv,out2_6sec_shift_noise,0.9999999950010804
cleaned_transformed_ds8.csv,out2_6sec_shift_filt,3.999999995019252
cleaned_transformed_ds8.csv,out2_6sec_shift_noise_filt,2.999999807778396
cleaned_transformed_ds8.csv,out2_8sec_shift,4.999999995291951
cleaned_transformed_ds8.csv,out2_8sec_shift_noise,0.0
cleaned_transformed_ds8.csv,out2_8sec_shift_filt,2.00000015931646
cleaned_transformed_ds8.csv,out2_8sec_shift_noise_filt,0.9999999949121824
cleaned_transformed_ds8.csv,out2_10sec_shift,3.999999995019252
cleaned_transformed_ds8.csv,out2_10sec_shift_noise,3.9999999749554953
cleaned_transformed_ds8.csv,out2_10sec_shift_filt,0.0
cleaned_transformed_ds8.csv,out2_10sec_shift_noise_filt,0.0
cleaned_transformed_ds8.csv,out3_2sec_shift,3.0000001779124097
cleaned_transformed_ds8.csv,out3_2sec_shift_noise,3.0000001779124097
cleaned_transformed_ds8.csv,out3_2sec_shift_filt,2.0000001422257543
cleaned_transformed_ds8.csv,out3_2sec_shift_noise_filt,2.0000001422257543
cleaned_transformed_ds8.csv,out3_4sec_shift,0.999999994912198
cleaned_transformed_ds8.csv,out3_4sec_shift_noise,0.999999994912198
cleaned_transformed_ds8.csv,out3_4sec_shift_filt,0.999999994912198
cleaned_transformed_ds8.csv,out3_4sec_shift_noise_filt,0.999999994912198
cleaned_transformed_ds8.csv,out3_6sec_shift,4.000000160584264
cleaned_transformed_ds8.csv,out3_6sec_shift_noise,4.000000160584264
cleaned_transformed_ds8.csv,out3_6sec_shift_filt,2.0000001422257543
cleaned_transformed_ds8.csv,out3_6sec_shift_noise_filt,2.0000001422257543
cleaned_transformed_ds8.csv,out3_8sec_shift,3.9999999749554953
cleaned_transformed_ds8.csv,out3_8sec_shift_noise,3.9999999749554953
cleaned_transformed_ds8.csv,out3_8sec_shift_filt,2.999999995102174
cleaned_transformed_ds8.csv,out3_8sec_shift_noise_filt,2.999999995102174
cleaned_transformed_ds8.csv,out3_10sec_shift,0.9999999949121178
cleaned_transformed_ds8.csv,out3_10sec_shift_noise,0.9999999949121178
cleaned_transformed_ds8.csv,out3_10sec_shift_filt,1.999999994829396
cleaned_transformed_ds8.csv,out3_10sec_shift_noise_filt,1.999999994829396
cleaned_transformed_ds8.csv,out4_2sec_shift,2.999999995102008
cleaned_transformed_ds8.csv,out4_2sec_shift_noise,2.999999995102008
cleaned_transformed_ds8.csv,out4_2sec_shift_filt,4.99999999529248
cleaned_transformed_ds8.csv,out4_2sec_shift_noise_filt,4.99999999529248
cleaned_transformed_ds8.csv,out4_4sec_shift,0.0
cleaned_transformed_ds8.csv,out4_4sec_shift_noise,0.0
cleaned_transformed_ds8.csv,out4_4sec_shift_filt,0.9999999949121178
cleaned_transformed_ds8.csv,out4_4sec_shift_noise_filt,0.9999999949121178
cleaned_transformed_ds8.csv,out4_6sec_shift,0.0
cleaned_transformed_ds8.csv,out4_6sec_shift_noise,4.99999999529248
cleaned_transformed_ds8.csv,out4_6sec_shift_filt,2.999999995102008
cleaned_transformed_ds8.csv,out4_6sec_shift_noise_filt,2.999999995102008
cleaned_transformed_ds8.csv,out4_8sec_shift,0.0
cleaned_transformed_ds8.csv,out4_8sec_shift_noise,0.0
cleaned_transformed_ds8.csv,out4_8sec_shift_filt,2.999999995102008
cleaned_transformed_ds8.csv,out4_8sec_shift_noise_filt,2.999999995102008
cleaned_transformed_ds8.csv,out4_10sec_shift,4.99999999529248
cleaned_transformed_ds8.csv,out4_10sec_shift_noise,4.99999999529248
cleaned_transformed_ds8.csv,out4_10sec_shift_filt,0.9999999949121178
cleaned_transformed_ds8.csv,out4_10sec_shift_noise_filt,4.99999999529248
cleaned_transformed_ds8.csv,out5_2sec_shift,3.9999999462179416
cleaned_transformed_ds8.csv,out5_2sec_shift_noise,3.9999999462179416
cleaned_transformed_ds8.csv,out5_2sec_shift_filt,3.9999999462179416
cleaned_transformed_ds8.csv,out5_2sec_shift_noise_filt,3.9999999462179416
cleaned_transformed_ds8.csv,out5_4sec_shift,0.0
cleaned_transformed_ds8.csv,out5_4sec_shift_noise,0.0
cleaned_transformed_ds8.csv,out5_4sec_shift_filt,2.9999999951022747
cleaned_transformed_ds8.csv,out5_4sec_shift_noise_filt,2.9999999951022747
cleaned_transformed_ds8.csv,out5_6sec_shift,3.9999999462179416
cleaned_transformed_ds8.csv,out5_6sec_shift_noise,3.9999999462179416
cleaned_transformed_ds8.csv,out5_6sec_shift_filt,4.999999995292054
cleaned_transformed_ds8.csv,out5_6sec_shift_noise_filt,4.999999995292054
cleaned_transformed_ds8.csv,out5_8sec_shift,2.9999999951022747
cleaned_transformed_ds8.csv,out5_8sec_shift_noise,2.9999999951022747
cleaned_transformed_ds8.csv,out5_8sec_shift_filt,2.9999999951022747
cleaned_transformed_ds8.csv,out5_8sec_shift_noise_filt,2.9999999951022747
cleaned_transformed_ds8.csv,out5_10sec_shift,0.0
cleaned_transformed_ds8.csv,out5_10sec_shift_noise,0.0
cleaned_transformed_ds8.csv,out5_10sec_shift_filt,4.999999995292054
cleaned_transformed_ds8.csv,out5_10sec_shift_noise_filt,4.999999995292054
cleaned_transformed_ds8.csv,out6_2sec_shift,2.9999999951020047
cleaned_transformed_ds8.csv,out6_2sec_shift_noise,2.9999999951020047
cleaned_transformed_ds8.csv,out6_2sec_shift_filt,2.9999999951020047
cleaned_transformed_ds8.csv,out6_2sec_shift_noise_filt,2.9999999951020047
cleaned_transformed_ds8.csv,out6_4sec_shift,0.0
cleaned_transformed_ds8.csv,out6_4sec_shift_noise,3.999999995019095
cleaned_transformed_ds8.csv,out6_4sec_shift_filt,4.999999995291959
cleaned_transformed_ds8.csv,out6_4sec_shift_noise_filt,2.9999999951020047
cleaned_transformed_ds8.csv,out6_6sec_shift,0.9999999949119616
cleaned_transformed_ds8.csv,out6_6sec_shift_noise,0.9999999949119616
cleaned_transformed_ds8.csv,out6_6sec_shift_filt,2.9999999951020047
cleaned_transformed_ds8.csv,out6_6sec_shift_noise_filt,2.9999999951020047
cleaned_transformed_ds8.csv,out6_8sec_shift,3.999999995019095
cleaned_transformed_ds8.csv,out6_8sec_shift_noise,3.999999995019095
cleaned_transformed_ds8.csv,out6_8sec_shift_filt,0.0
cleaned_transformed_ds8.csv,out6_8sec_shift_noise_filt,0.0
cleaned_transformed_ds8.csv,out6_10sec_shift,2.9999999951020047
cleaned_transformed_ds8.csv,out6_10sec_shift_noise,2.9999999951020047
cleaned_transformed_ds8.csv,out6_10sec_shift_filt,4.999999995291959
cleaned_transformed_ds8.csv,out6_10sec_shift_noise_filt,4.999999995291959
cleaned_transformed_ds8.csv,out7_2sec_shift,2.9999999951021867
cleaned_transformed_ds8.csv,out7_2sec_shift_noise,2.9999999951021867
cleaned_transformed_ds8.csv,out7_2sec_shift_filt,2.9999999951021867
cleaned_transformed_ds8.csv,out7_2sec_shift_noise_filt,2.9999999951021867
cleaned_transformed_ds8.csv,out7_4sec_shift,2.9999999951021867
cleaned_transformed_ds8.csv,out7_4sec_shift_noise,2.9999999951021867
cleaned_transformed_ds8.csv,out7_4sec_shift_filt,0.0
cleaned_transformed_ds8.csv,out7_4sec_shift_noise_filt,4.9999999952917
cleaned_transformed_ds8.csv,out7_6sec_shift,0.9999999949123404
cleaned_transformed_ds8.csv,out7_6sec_shift_noise,0.9999999949123404
cleaned_transformed_ds8.csv,out7_6sec_shift_filt,1.9999999948292493
cleaned_transformed_ds8.csv,out7_6sec_shift_noise_filt,2.9999999951021867
cleaned_transformed_ds8.csv,out7_8sec_shift,3.999999995019581
cleaned_transformed_ds8.csv,out7_8sec_shift_noise,0.9999999949123404
cleaned_transformed_ds8.csv,out7_8sec_shift_filt,1.9999999948292493
cleaned_transformed_ds8.csv,out7_8sec_shift_noise_filt,0.0
cleaned_transformed_ds8.csv,out7_10sec_shift,3.999999995019581
cleaned_transformed_ds8.csv,out7_10sec_shift_noise,3.999999995019581
cleaned_transformed_ds8.csv,out7_10sec_shift_filt,4.9999999952917
cleaned_transformed_ds8.csv,out7_10sec_shift_noise_filt,4.9999999952917
cleaned_transformed_ds8.csv,out8_2sec_shift,0.999999994912198
cleaned_transformed_ds8.csv,out8_2sec_shift_noise,0.999999994912198
cleaned_transformed_ds8.csv,out8_2sec_shift_filt,4.999999995292265
cleaned_transformed_ds8.csv,out8_2sec_shift_noise_filt,4.999999995292265
cleaned_transformed_ds8.csv,out8_4sec_shift,2.99999999510204
cleaned_transformed_ds8.csv,out8_4sec_shift_noise,2.99999999510204
cleaned_transformed_ds8.csv,out8_4sec_shift_filt,2.99999999510204
cleaned_transformed_ds8.csv,out8_4sec_shift_noise_filt,3.9999999590205135
cleaned_transformed_ds8.csv,out8_6sec_shift,3.9999999590205135
cleaned_transformed_ds8.csv,out8_6sec_shift_noise,0.0
cleaned_transformed_ds8.csv,out8_6sec_shift_filt,4.999999995292265
cleaned_transformed_ds8.csv,out8_6sec_shift_noise_filt,4.999999995292265
cleaned_transformed_ds8.csv,out8_8sec_shift,2.99999999510204
cleaned_transformed_ds8.csv,out8_8sec_shift_noise,2.99999999510204
cleaned_transformed_ds8.csv,out8_8sec_shift_filt,3.9999999590205135
cleaned_transformed_ds8.csv,out8_8sec_shift_noise_filt,3.9999999590205135
cleaned_transformed_ds8.csv,out8_10sec_shift,4.999999995292265
cleaned_transformed_ds8.csv,out8_10sec_shift_noise,4.999999995292265
cleaned_transformed_ds8.csv,out8_10sec_shift_filt,4.999999995292265
cleaned_transformed_ds8.csv,out8_10sec_shift_noise_filt,4.999999995292265
cleaned_transformed_ds9.csv,out1_0sec,3.99999999501926
cleaned_transformed_ds9.csv,out2_0sec,4.99999974359091
cleaned_transformed_ds9.csv,out3_0sec,1.0000000791472412
cleaned_transformed_ds9.csv,out4_0sec,0.0
cleaned_transformed_ds9.csv,out5_0sec,4.000000142559158
cleaned_transformed_ds9.csv,out6_0sec,1.0000000792388404
cleaned_transformed_ds9.csv,out1_2sec_shift,1.9999999950071965
cleaned_transformed_ds9.csv,out1_2sec_shift_noise,1.9999999950071965
cleaned_transformed_ds9.csv,out1_2sec_shift_filt,0.0
cleaned_transformed_ds9.csv,out1_2sec_shift_noise_filt,0.0
cleaned_transformed_ds9.csv,out1_4sec_shift,1.9999999950071965
cleaned_transformed_ds9.csv,out1_4sec_shift_noise,1.9999999950071965
cleaned_transformed_ds9.csv,out1_4sec_shift_filt,2.9999999951021072
cleaned_transformed_ds9.csv,out1_4sec_shift_noise_filt,2.9999999951021072
cleaned_transformed_ds9.csv,out1_6sec_shift,2.9999999951021072
cleaned_transformed_ds9.csv,out1_6sec_shift_noise,2.9999999951021072
cleaned_transformed_ds9.csv,out1_6sec_shift_filt,0.9999999949121734
cleaned_transformed_ds9.csv,out1_6sec_shift_noise_filt,0.9999999949121734
cleaned_transformed_ds9.csv,out1_8sec_shift,0.9999999949121734
cleaned_transformed_ds9.csv,out1_8sec_shift_noise,0.9999999949121734
cleaned_transformed_ds9.csv,out1_8sec_shift_filt,5.9999999163499735
cleaned_transformed_ds9.csv,out1_8sec_shift_noise_filt,5.9999999163499735
cleaned_transformed_ds9.csv,out1_10sec_shift,3.99999999501926
cleaned_transformed_ds9.csv,out1_10sec_shift_noise,3.99999999501926
cleaned_transformed_ds9.csv,out1_10sec_shift_filt,1.9999999950071965
cleaned_transformed_ds9.csv,out1_10sec_shift_noise_filt,1.9999999950071965
cleaned_transformed_ds9.csv,out2_2sec_shift,2.000000158799597
cleaned_transformed_ds9.csv,out2_2sec_shift_noise,4.99999974359091
cleaned_transformed_ds9.csv,out2_2sec_shift_filt,4.99999974359091
cleaned_transformed_ds9.csv,out2_2sec_shift_noise_filt,4.000000144137989
cleaned_transformed_ds9.csv,out2_4sec_shift,2.999999892360053
cleaned_transformed_ds9.csv,out2_4sec_shift_noise,1.0000000791472412
cleaned_transformed_ds9.csv,out2_4sec_shift_filt,4.99999974359091
cleaned_transformed_ds9.csv,out2_4sec_shift_noise_filt,2.999999892360053
cleaned_transformed_ds9.csv,out2_6sec_shift,4.000000144137989
cleaned_transformed_ds9.csv,out2_6sec_shift_noise,2.999999892360053
cleaned_transformed_ds9.csv,out2_6sec_shift_filt,2.999999892360053
cleaned_transformed_ds9.csv,out2_6sec_shift_noise_filt,5.999999922959103
cleaned_transformed_ds9.csv,out2_8sec_shift,2.999999892360053
cleaned_transformed_ds9.csv,out2_8sec_shift_noise,1.0000000791472412
cleaned_transformed_ds9.csv,out2_8sec_shift_filt,2.999999892360053
cleaned_transformed_ds9.csv,out2_8sec_shift_noise_filt,4.99999974359091
cleaned_transformed_ds9.csv,out2_10sec_shift,4.99999974359091
cleaned_transformed_ds9.csv,out2_10sec_shift_noise,1.000000075095757
cleaned_transformed_ds9.csv,out2_10sec_shift_filt,2.000000158799597
cleaned_transformed_ds9.csv,out2_10sec_shift_noise_filt,4.000000144137989
cleaned_transformed_ds9.csv,out3_2sec_shift,2.999999892360053
cleaned_transformed_ds9.csv,out3_2sec_shift_noise,1.0000000754801863
cleaned_transformed_ds9.csv,out3_2sec_shift_filt,4.000000144137989
cleaned_transformed_ds9.csv,out3_2sec_shift_noise_filt,4.99999974359091
cleaned_transformed_ds9.csv,out3_4sec_shift,4.99999974359091
cleaned_transformed_ds9.csv,out3_4sec_shift_noise,3.0000002304849382
cleaned_transformed_ds9.csv,out3_4sec_shift_filt,2.000000158799597
cleaned_transformed_ds9.csv,out3_4sec_shift_noise_filt,2.999999892360053
cleaned_transformed_ds9.csv,out3_6sec_shift,2.999999892360053
cleaned_transformed_ds9.csv,out3_6sec_shift_noise,4.000000142151359
cleaned_transformed_ds9.csv,out3_6sec_shift_filt,2.999999892360053
cleaned_transformed_ds9.csv,out3_6sec_shift_noise_filt,4.000000144137989
cleaned_transformed_ds9.csv,out3_8sec_shift,4.000000144137989
cleaned_transformed_ds9.csv,out3_8sec_shift_noise,3.0000002304849382
cleaned_transformed_ds9.csv,out3_8sec_shift_filt,2.000000158799597
cleaned_transformed_ds9.csv,out3_8sec_shift_noise_filt,4.000000142151359
cleaned_transformed_ds9.csv,out3_10sec_shift,4.000000144137989
cleaned_transformed_ds9.csv,out3_10sec_shift_noise,4.999999907792234
cleaned_transformed_ds9.csv,out3_10sec_shift_filt,2.999999892360053
cleaned_transformed_ds9.csv,out3_10sec_shift_noise_filt,5.999999912142004
cleaned_transformed_ds9.csv,out4_2sec_shift,2.0000001506422693
cleaned_transformed_ds9.csv,out4_2sec_shift_noise,2.0000001506422693
cleaned_transformed_ds9.csv,out4_2sec_shift_filt,2.9999998394985243
cleaned_transformed_ds9.csv,out4_2sec_shift_noise_filt,2.9999998394985243
cleaned_transformed_ds9.csv,out4_4sec_shift,4.000000116726448
cleaned_transformed_ds9.csv,out4_4sec_shift_noise,4.000000116726448
cleaned_transformed_ds9.csv,out4_4sec_shift_filt,2.0000001506422693
cleaned_transformed_ds9.csv,out4_4sec_shift_noise_filt,2.0000001506422693
cleaned_transformed_ds9.csv,out4_6sec_shift,4.000000126204851
cleaned_transformed_ds9.csv,out4_6sec_shift_noise,4.000000126204851
cleaned_transformed_ds9.csv,out4_6sec_shift_filt,5.999999916816556
cleaned_transformed_ds9.csv,out4_6sec_shift_noise_filt,5.999999916816556
cleaned_transformed_ds9.csv,out4_8sec_shift,4.000000126204851
cleaned_transformed_ds9.csv,out4_8sec_shift_noise,4.000000126204851
cleaned_transformed_ds9.csv,out4_8sec_shift_filt,1.9999999610315813
cleaned_transformed_ds9.csv,out4_8sec_shift_noise_filt,1.9999999610315813
cleaned_transformed_ds9.csv,out4_10sec_shift,3.99999996372317
cleaned_transformed_ds9.csv,out4_10sec_shift_noise,3.99999996372317
cleaned_transformed_ds9.csv,out4_10sec_shift_filt,3.99999996372317
cleaned_transformed_ds9.csv,out4_10sec_shift_noise_filt,3.99999996372317
cleaned_transformed_ds9.csv,out5_2sec_shift,1.0000000760296397
cleaned_transformed_ds9.csv,out5_2sec_shift_noise,1.0000000760296397
cleaned_transformed_ds9.csv,out5_2sec_shift_filt,1.0000000760296397
cleaned_transformed_ds9.csv,out5_2sec_shift_noise_filt,1.0000000760296397
cleaned_transformed_ds9.csv,out5_4sec_shift,5.999999910674764
cleaned_transformed_ds9.csv,out5_4sec_shift_noise,5.999999910674764
cleaned_transformed_ds9.csv,out5_4sec_shift_filt,2.000000051946459
cleaned_transformed_ds9.csv,out5_4sec_shift_noise_filt,2.9999998824451555
cleaned_transformed_ds9.csv,out5_6sec_shift,3.999999955008662
cleaned_transformed_ds9.csv,out5_6sec_shift_noise,3.999999955008662
cleaned_transformed_ds9.csv,out5_6sec_shift_filt,2.000000051946459
cleaned_transformed_ds9.csv,out5_6sec_shift_noise_filt,2.000000051946459
cleaned_transformed_ds9.csv,out5_8sec_shift,3.999999955008662
cleaned_transformed_ds9.csv,out5_8sec_shift_noise,3.999999955008662
cleaned_transformed_ds9.csv,out5_8sec_shift_filt,5.999999910674764
cleaned_transformed_ds9.csv,out5_8sec_shift_noise_filt,4.9999998991517405
cleaned_transformed_ds9.csv,out5_10sec_shift,2.000000051946459
cleaned_transformed_ds9.csv,out5_10sec_shift_noise,2.9999998824451555
cleaned_transformed_ds9.csv,out5_10sec_shift_filt,1.0000000760296397
cleaned_transformed_ds9.csv,out5_10sec_shift_noise_filt,1.0000000760296397
cleaned_transformed_ds9.csv,out6_2sec_shift,1.0000000792388404
cleaned_transformed_ds9.csv,out6_2sec_shift_noise,1.0000000792388404
cleaned_transformed_ds9.csv,out6_2sec_shift_filt,1.0000000792388404
cleaned_transformed_ds9.csv,out6_2sec_shift_noise_filt,1.0000000792388404
cleaned_transformed_ds9.csv,out6_4sec_shift,1.0000000842167374
cleaned_transformed_ds9.csv,out6_4sec_shift_noise,1.0000000842167374
cleaned_transformed_ds9.csv,out6_4sec_shift_filt,1.0000000842167374
cleaned_transformed_ds9.csv,out6_4sec_shift_noise_filt,1.0000000842167374
cleaned_transformed_ds9.csv,out6_6sec_shift,1.0000000842167374
cleaned_transformed_ds9.csv,out6_6sec_shift_noise,1.0000000842167374
cleaned_transformed_ds9.csv,out6_6sec_shift_filt,4.000000147114704
cleaned_transformed_ds9.csv,out6_6sec_shift_noise_filt,1.0000000842167374
cleaned_transformed_ds9.csv,out6_8sec_shift,1.999999977477789
cleaned_transformed_ds9.csv,out6_8sec_shift_noise,1.999999977477789
cleaned_transformed_ds9.csv,out6_8sec_shift_filt,1.0000000842167374
cleaned_transformed_ds9.csv,out6_8sec_shift_noise_filt,1.0000000842167374
cleaned_transformed_ds9.csv,out6_10sec_shift,1.0000000842167374
cleaned_transformed_ds9.csv,out6_10sec_shift_noise,1.0000000842167374
cleaned_transformed_ds9.csv,out6_10sec_shift_filt,0.0
cleaned_transformed_ds9.csv,out6_10sec_shift_noise_filt,0.0
cleaned_transformed_ds10.csv,out1_0sec,0.0
cleaned_transformed_ds10.csv,out2_0sec,4.999999995292145
cleaned_transformed_ds10.csv,out3_0sec,2.9999999951022747
cleaned_transformed_ds10.csv,out4_0sec,2.9999999951018688
cleaned_transformed_ds10.csv,out5_0sec,0.0
cleaned_transformed_ds10.csv,out6_0sec,2.999999994746385
cleaned_transformed_ds10.csv,out7_0sec,0.0
cleaned_transformed_ds10.csv,out8_0sec,2.9999999950132223
cleaned_transformed_ds10.csv,out1_2sec_shift,3.999999995019328
cleaned_transformed_ds10.csv,out1_2sec_shift_noise,3.999999995019328
cleaned_transformed_ds10.csv,out1_2sec_shift_filt,0.9999999950011108
cleaned_transformed_ds10.csv,out1_2sec_shift_noise_filt,0.9999999950011108
cleaned_transformed_ds10.csv,out1_4sec_shift,2.9999999950132223
cleaned_transformed_ds10.csv,out1_4sec_shift_noise,2.9999999950132223
cleaned_transformed_ds10.csv,out1_4sec_shift_filt,0.9999999950011108
cleaned_transformed_ds10.csv,out1_4sec_shift_noise_filt,0.9999999950011108
cleaned_transformed_ds10.csv,out1_6sec_shift,4.999999995114389
cleaned_transformed_ds10.csv,out1_6sec_shift_noise,4.999999995114389
cleaned_transformed_ds10.csv,out1_6sec_shift_filt,0.9999999950011108
cleaned_transformed_ds10.csv,out1_6sec_shift_noise_filt,0.9999999950011108
cleaned_transformed_ds10.csv,out1_8sec_shift,0.0
cleaned_transformed_ds10.csv,out1_8sec_shift_noise,0.0
cleaned_transformed_ds10.csv,out1_8sec_shift_filt,0.9999999950011108
cleaned_transformed_ds10.csv,out1_8sec_shift_noise_filt,0.9999999950011108
cleaned_transformed_ds10.csv,out1_10sec_shift,4.999999995114389
cleaned_transformed_ds10.csv,out1_10sec_shift_noise,4.999999995114389
cleaned_transformed_ds10.csv,out1_10sec_shift_filt,2.9999999950132223
cleaned_transformed_ds10.csv,out1_10sec_shift_noise_filt,2.9999999950132223
cleaned_transformed_ds10.csv,out2_2sec_shift,3.999999995019383
cleaned_transformed_ds10.csv,out2_2sec_shift_noise,4.999999995114291
cleaned_transformed_ds10.csv,out2_2sec_shift_filt,0.9999999950011093
cleaned_transformed_ds10.csv,out2_2sec_shift_noise_filt,2.999999995013253
cleaned_transformed_ds10.csv,out2_4sec_shift,2.999999995102025
cleaned_transformed_ds10.csv,out2_4sec_shift_noise,2.9999999951023573
cleaned_transformed_ds10.csv,out2_4sec_shift_filt,3.999999995019383
cleaned_transformed_ds10.csv,out2_4sec_shift_noise_filt,1.999999995007166
cleaned_transformed_ds10.csv,out2_6sec_shift,0.0
cleaned_transformed_ds10.csv,out2_6sec_shift_noise,3.999999995019383
cleaned_transformed_ds10.csv,out2_6sec_shift_filt,4.999999995292145
cleaned_transformed_ds10.csv,out2_6sec_shift_noise_filt,0.9999999950011093
cleaned_transformed_ds10.csv,out2_8sec_shift,3.999999995019383
cleaned_transformed_ds10.csv,out2_8sec_shift_noise,0.0
cleaned_transformed_ds10.csv,out2_8sec_shift_filt,2.999999995102025
cleaned_transformed_ds10.csv,out2_8sec_shift_noise_filt,0.0
cleaned_transformed_ds10.csv,out2_10sec_shift,2.999999995102025
cleaned_transformed_ds10.csv,out2_10sec_shift_noise,2.999999995013253
cleaned_transformed_ds10.csv,out2_10sec_shift_filt,1.9999999950071088
cleaned_transformed_ds10.csv,out2_10sec_shift_noise_filt,2.999999995102025
cleaned_transformed_ds10.csv,out3_2sec_shift,1.999999995007212
cleaned_transformed_ds10.csv,out3_2sec_shift_noise,1.999999995007212
cleaned_transformed_ds10.csv,out3_2sec_shift_filt,1.999999995007212
cleaned_transformed_ds10.csv,out3_2sec_shift_noise_filt,1.999999995007212
cleaned_transformed_ds10.csv,out3_4sec_shift,1.999999995007212
cleaned_transformed_ds10.csv,out3_4sec_shift_noise,1.999999995007212
cleaned_transformed_ds10.csv,out3_4sec_shift_filt,1.999999995007212
cleaned_transformed_ds10.csv,out3_4sec_shift_noise_filt,1.999999995007212
cleaned_transformed_ds10.csv,out3_6sec_shift,1.999999995007212
cleaned_transformed_ds10.csv,out3_6sec_shift_noise,1.999999995007212
cleaned_transformed_ds10.csv,out3_6sec_shift_filt,1.999999995007212
cleaned_transformed_ds10.csv,out3_6sec_shift_noise_filt,1.999999995007212
cleaned_transformed_ds10.csv,out3_8sec_shift,1.999999995007212
cleaned_transformed_ds10.csv,out3_8sec_shift_noise,1.999999995007212
cleaned_transformed_ds10.csv,out3_8sec_shift_filt,1.999999995007212
cleaned_transformed_ds10.csv,out3_8sec_shift_noise_filt,1.999999995007212
cleaned_transformed_ds10.csv,out3_10sec_shift,1.999999995007212
cleaned_transformed_ds10.csv,out3_10sec_shift_noise,1.999999995007212
cleaned_transformed_ds10.csv,out3_10sec_shift_filt,2.9999999951022747
cleaned_transformed_ds10.csv,out3_10sec_shift_noise_filt,1.999999995007212
cleaned_transformed_ds10.csv,out4_2sec_shift,3.9999999950196985
cleaned_transformed_ds10.csv,out4_2sec_shift_noise,3.9999999950196985
cleaned_transformed_ds10.csv,out4_2sec_shift_filt,4.999999995292495
cleaned_transformed_ds10.csv,out4_2sec_shift_noise_filt,4.999999995292495
cleaned_transformed_ds10.csv,out4_4sec_shift,0.0
cleaned_transformed_ds10.csv,out4_4sec_shift_noise,0.0
cleaned_transformed_ds10.csv,out4_4sec_shift_filt,2.9999999951018688
cleaned_transformed_ds10.csv,out4_4sec_shift_noise_filt,2.9999999951018688
cleaned_transformed_ds10.csv,out4_6sec_shift,4.999999995292495
cleaned_transformed_ds10.csv,out4_6sec_shift_noise,4.999999995292495
cleaned_transformed_ds10.csv,out4_6sec_shift_filt,4.999999995292495
cleaned_transformed_ds10.csv,out4_6sec_shift_noise_filt,4.999999995292495
cleaned_transformed_ds10.csv,out4_8sec_shift,4.999999995292495
cleaned_transformed_ds10.csv,out4_8sec_shift_noise,4.999999995292495
cleaned_transformed_ds10.csv,out4_8sec_shift_filt,0.9999999949121534
cleaned_transformed_ds10.csv,out4_8sec_shift_noise_filt,0.9999999949121534
cleaned_transformed_ds10.csv,out4_10sec_shift,0.0
cleaned_transformed_ds10.csv,out4_10sec_shift_noise,0.9999999949121534
cleaned_transformed_ds10.csv,out4_10sec_shift_filt,0.9999999949121534
cleaned_transformed_ds10.csv,out4_10sec_shift_noise_filt,0.9999999949121534
cleaned_transformed_ds10.csv,out5_2sec_shift,2.9999999950132223
cleaned_transformed_ds10.csv,out5_2sec_shift_noise,2.9999999950132223
cleaned_transformed_ds10.csv,out5_2sec_shift_filt,1.999999995007169
cleaned_transformed_ds10.csv,out5_2sec_shift_noise_filt,1.999999995007169
cleaned_transformed_ds10.csv,out5_4sec_shift,1.999999995007169
cleaned_transformed_ds10.csv,out5_4sec_shift_noise,1.999999995007169
cleaned_transformed_ds10.csv,out5_4sec_shift_filt,1.999999995007169
cleaned_transformed_ds10.csv,out5_4sec_shift_noise_filt,1.999999995007169
cleaned_transformed_ds10.csv,out5_6sec_shift,1.999999995007169
cleaned_transformed_ds10.csv,out5_6sec_shift_noise,1.999999995007169
cleaned_transformed_ds10.csv,out5_6sec_shift_filt,1.999999995007169
cleaned_transformed_ds10.csv,out5_6sec_shift_noise_filt,1.999999995007169
cleaned_transformed_ds10.csv,out5_8sec_shift,0.0
cleaned_transformed_ds10.csv,out5_8sec_shift_noise,0.0
cleaned_transformed_ds10.csv,out5_8sec_shift_filt,1.999999995007169
cleaned_transformed_ds10.csv,out5_8sec_shift_noise_filt,1.999999995007169
cleaned_transformed_ds10.csv,out5_10sec_shift,4.999999995114389
cleaned_transformed_ds10.csv,out5_10sec_shift_noise,4.999999995114389
cleaned_transformed_ds10.csv,out5_10sec_shift_filt,2.9999999950132223
cleaned_transformed_ds10.csv,out5_10sec_shift_noise_filt,2.9999999950132223
cleaned_transformed_ds10.csv,out6_2sec_shift,2.999999995102168
cleaned_transformed_ds10.csv,out6_2sec_shift_noise,0.0
cleaned_transformed_ds10.csv,out6_2sec_shift_filt,2.999999995102168
cleaned_transformed_ds10.csv,out6_2sec_shift_noise_filt,0.9999999949123388
cleaned_transformed_ds10.csv,out6_4sec_shift,3.999999994663514
cleaned_transformed_ds10.csv,out6_4sec_shift_noise,3.999999994663514
cleaned_transformed_ds10.csv,out6_4sec_shift_filt,3.999999994663514
cleaned_transformed_ds10.csv,out6_4sec_shift_noise_filt,0.0
cleaned_transformed_ds10.csv,out6_6sec_shift,4.99999999529211
cleaned_transformed_ds10.csv,out6_6sec_shift_noise,4.99999999529211
cleaned_transformed_ds10.csv,out6_6sec_shift_filt,2.999999995102168
cleaned_transformed_ds10.csv,out6_6sec_shift_noise_filt,4.99999999529211
cleaned_transformed_ds10.csv,out6_8sec_shift,0.0
cleaned_transformed_ds10.csv,out6_8sec_shift_noise,2.999999995102168
cleaned_transformed_ds10.csv,out6_8sec_shift_filt,2.999999995102168
cleaned_transformed_ds10.csv,out6_8sec_shift_noise_filt,2.999999995102168
cleaned_transformed_ds10.csv,out6_10sec_shift,4.999999995291912
cleaned_transformed_ds10.csv,out6_10sec_shift_noise,1.9999999948294616
cleaned_transformed_ds10.csv,out6_10sec_shift_filt,1.9999999948294616
cleaned_transformed_ds10.csv,out6_10sec_shift_noise_filt,1.9999999948294616
cleaned_transformed_ds10.csv,out7_2sec_shift,2.999999994746792
cleaned_transformed_ds10.csv,out7_2sec_shift_noise,0.0
cleaned_transformed_ds10.csv,out7_2sec_shift_filt,0.0
cleaned_transformed_ds10.csv,out7_2sec_shift_noise_filt,0.0
cleaned_transformed_ds10.csv,out7_4sec_shift,1.9999999948291032
cleaned_transformed_ds10.csv,out7_4sec_shift_noise,1.9999999948291032
cleaned_transformed_ds10.csv,out7_4sec_shift_filt,3.9999999946638938
cleaned_transformed_ds10.csv,out7_4sec_shift_noise_filt,3.9999999946638938
cleaned_transformed_ds10.csv,out7_6sec_shift,4.999999995292
cleaned_transformed_ds10.csv,out7_6sec_shift_noise,1.9999999948291032
cleaned_transformed_ds10.csv,out7_6sec_shift_filt,0.9999999949125892
cleaned_transformed_ds10.csv,out7_6sec_shift_noise_filt,0.0
cleaned_transformed_ds10.csv,out7_8sec_shift,0.0
cleaned_transformed_ds10.csv,out7_8sec_shift_noise,2.999999994746792
cleaned_transformed_ds10.csv,out7_8sec_shift_filt,3.9999999946638938
cleaned_transformed_ds10.csv,out7_8sec_shift_noise_filt,3.9999999946638938
cleaned_transformed_ds10.csv,out7_10sec_shift,4.999999995291916
cleaned_transformed_ds10.csv,out7_10sec_shift_noise,0.9999999949122472
cleaned_transformed_ds10.csv,out7_10sec_shift_filt,0.9999999949122472
cleaned_transformed_ds10.csv,out7_10sec_shift_noise_filt,0.9999999949122472
cleaned_transformed_ds10.csv,out8_2sec_shift,4.999999995114389
cleaned_transformed_ds10.csv,out8_2sec_shift_noise,2.9999999950132223
cleaned_transformed_ds10.csv,out8_2sec_shift_filt,2.9999999950132223
cleaned_transformed_ds10.csv,out8_2sec_shift_noise_filt,2.9999999950132223
cleaned_transformed_ds10.csv,out8_4sec_shift,3.999999995019328
cleaned_transformed_ds10.csv,out8_4sec_shift_noise,3.999999995019328
cleaned_transformed_ds10.csv,out8_4sec_shift_filt,1.999999995007169
cleaned_transformed_ds10.csv,out8_4sec_shift_noise_filt,1.999999995007169
cleaned_transformed_ds10.csv,out8_6sec_shift,3.999999995019328
cleaned_transformed_ds10.csv,out8_6sec_shift_noise,3.999999995019328
cleaned_transformed_ds10.csv,out8_6sec_shift_filt,1.999999995007169
cleaned_transformed_ds10.csv,out8_6sec_shift_noise_filt,1.999999995007169
cleaned_transformed_ds10.csv,out8_8sec_shift,2.9999999950132223
cleaned_transformed_ds10.csv,out8_8sec_shift_noise,3.999999995019328
cleaned_transformed_ds10.csv,out8_8sec_shift_filt,4.999999995114389
cleaned_transformed_ds10.csv,out8_8sec_shift_noise_filt,4.999999995114389
cleaned_transformed_ds10.csv,out8_10sec_shift,0.0
cleaned_transformed_ds10.csv,out8_10sec_shift_noise,3.999999995019328
cleaned_transformed_ds10.csv,out8_10sec_shift_filt,1.999999995007169
cleaned_transformed_ds10.csv,out8_10sec_shift_noise_filt,1.999999995007169
cleaned_transformed_ds1.csv,out1_0sec,1.9999999950071925
cleaned_transformed_ds1.csv,out2_0sec,2.9999999951021024
cleaned_transformed_ds1.csv,out1_2sec_shift,0.999999995001099
cleaned_transformed_ds1.csv,out1_2sec_shift_noise,0.999999995001099
cleaned_transformed_ds1.csv,out1_2sec_shift_filt,2.999999995102103
cleaned_transformed_ds1.csv,out1_2sec_shift_noise_filt,2.999999995102103
cleaned_transformed_ds1.csv,out1_4sec_shift,0.999999995001099
cleaned_transformed_ds1.csv,out1_4sec_shift_noise,0.999999995001099
cleaned_transformed_ds1.csv,out1_4sec_shift_filt,0.0
cleaned_transformed_ds1.csv,out1_4sec_shift_noise_filt,0.0
cleaned_transformed_ds1.csv,out1_6sec_shift,0.0
cleaned_transformed_ds1.csv,out1_6sec_shift_noise,0.0
cleaned_transformed_ds1.csv,out1_6sec_shift_filt,2.999999995102142
cleaned_transformed_ds1.csv,out1_6sec_shift_noise_filt,2.999999995102142
cleaned_transformed_ds1.csv,out1_8sec_shift,0.999999995001099
cleaned_transformed_ds1.csv,out1_8sec_shift_noise,0.999999995001099
cleaned_transformed_ds1.csv,out1_8sec_shift_filt,0.999999995001099
cleaned_transformed_ds1.csv,out1_8sec_shift_noise_filt,0.999999995001099
cleaned_transformed_ds1.csv,out1_10sec_shift,2.999999995102142
cleaned_transformed_ds1.csv,out1_10sec_shift_noise,2.999999995102142
cleaned_transformed_ds1.csv,out1_10sec_shift_filt,0.0
cleaned_transformed_ds1.csv,out1_10sec_shift_noise_filt,0.0
cleaned_transformed_ds1.csv,out2_2sec_shift,0.0
cleaned_transformed_ds1.csv,out2_2sec_shift_noise,0.0
cleaned_transformed_ds1.csv,out2_2sec_shift_filt,2.9999999951021024
cleaned_transformed_ds1.csv,out2_2sec_shift_noise_filt,2.9999999951021024
cleaned_transformed_ds1.csv,out2_4sec_shift,0.9999999950010684
cleaned_transformed_ds1.csv,out2_4sec_shift_noise,0.9999999950010684
cleaned_transformed_ds1.csv,out2_4sec_shift_filt,0.0
cleaned_transformed_ds1.csv,out2_4sec_shift_noise_filt,2.999999995102103
cleaned_transformed_ds1.csv,out2_6sec_shift,0.9999999950010684
cleaned_transformed_ds1.csv,out2_6sec_shift_noise,0.0
cleaned_transformed_ds1.csv,out2_6sec_shift_filt,2.9999999951021024
cleaned_transformed_ds1.csv,out2_6sec_shift_noise_filt,2.9999999951021024
cleaned_transformed_ds1.csv,out2_8sec_shift,1.99999999500722
cleaned_transformed_ds1.csv,out2_8sec_shift_noise,0.0
cleaned_transformed_ds1.csv,out2_8sec_shift_filt,0.0
cleaned_transformed_ds1.csv,out2_8sec_shift_noise_filt,0.0
cleaned_transformed_ds1.csv,out2_10sec_shift,2.999999995102103
cleaned_transformed_ds1.csv,out2_10sec_shift_noise,0.9999999950010684
cleaned_transformed_ds1.csv,out2_10sec_shift_filt,1.99999999500722
cleaned_transformed_ds1.csv,out2_10sec_shift_noise_filt,1.99999999500722
cleaned_transformed_ds2.csv,out1_0sec,0.999999995001099
cleaned_transformed_ds2.csv,out2_0sec,2.999999995102142
cleaned_transformed_ds2.csv,out1_2sec_shift,0.0
cleaned_transformed_ds2.csv,out1_2sec_shift_noise,0.0
cleaned_transformed_ds2.csv,out1_2sec_shift_filt,2.999999995102142
cleaned_transformed_ds2.csv,out1_2sec_shift_noise_filt,2.999999995102142
cleaned_transformed_ds2.csv,out1_4sec_shift,0.0
cleaned_transformed_ds2.csv,out1_4sec_shift_noise,0.0
cleaned_transformed_ds2.csv,out1_4sec_shift_filt,0.0
cleaned_transformed_ds2.csv,out1_4sec_shift_noise_filt,0.0
cleaned_transformed_ds2.csv,out1_6sec_shift,0.0
cleaned_transformed_ds2.csv,out1_6sec_shift_noise,0.0
cleaned_transformed_ds2.csv,out1_6sec_shift_filt,0.0
cleaned_transformed_ds2.csv,out1_6sec_shift_noise_filt,0.0
cleaned_transformed_ds2.csv,out1_8sec_shift,0.999999995001099
cleaned_transformed_ds2.csv,out1_8sec_shift_noise,0.999999995001099
cleaned_transformed_ds2.csv,out1_8sec_shift_filt,0.999999995001099
cleaned_transformed_ds2.csv,out1_8sec_shift_noise_filt,0.999999995001099
cleaned_transformed_ds2.csv,out1_10sec_shift,2.999999995102142
cleaned_transformed_ds2.csv,out1_10sec_shift_noise,2.999999995102142
cleaned_transformed_ds2.csv,out1_10sec_shift_filt,2.999999995102142
cleaned_transformed_ds2.csv,out1_10sec_shift_noise_filt,2.999999995102142
cleaned_transformed_ds2.csv,out2_2sec_shift,2.999999995102103
cleaned_transformed_ds2.csv,out2_2sec_shift_noise,2.999999995102103
cleaned_transformed_ds2.csv,out2_2sec_shift_filt,0.0
cleaned_transformed_ds2.csv,out2_2sec_shift_noise_filt,1.9999999950071925
cleaned_transformed_ds2.csv,out2_4sec_shift,2.999999995102142
cleaned_transformed_ds2.csv,out2_4sec_shift_noise,2.999999995102142
cleaned_transformed_ds2.csv,out2_4sec_shift_filt,2.999999995102142
cleaned_transformed_ds2.csv,out2_4sec_shift_noise_filt,2.999999995102142
cleaned_transformed_ds2.csv,out2_6sec_shift,0.0
cleaned_transformed_ds2.csv,out2_6sec_shift_noise,1.9999999950071925
cleaned_transformed_ds2.csv,out2_6sec_shift_filt,1.9999999950071925
cleaned_transformed_ds2.csv,out2_6sec_shift_noise_filt,1.9999999950071925
cleaned_transformed_ds2.csv,out2_8sec_shift,0.0
cleaned_transformed_ds2.csv,out2_8sec_shift_noise,0.999999995001099
cleaned_transformed_ds2.csv,out2_8sec_shift_filt,0.999999995001099
cleaned_transformed_ds2.csv,out2_8sec_shift_noise_filt,0.999999995001099
cleaned_transformed_ds2.csv,out2_10sec_shift,2.999999995102142
cleaned_transformed_ds2.csv,out2_10sec_shift_noise,0.999999995001099
cleaned_transformed_ds2.csv,out2_10sec_shift_filt,2.999999995102142
cleaned_transformed_ds2.csv,out2_10sec_shift_noise_filt,2.999999995102142
cleaned_transformed_ds3.csv,out1_0sec,0.999999995001099
cleaned_transformed_ds3.csv,out2_0sec,2.999999995102142
cleaned_transformed_ds3.csv,out1_2sec_shift,0.0
cleaned_transformed_ds3.csv,out1_2sec_shift_noise,0.0
cleaned_transformed_ds3.csv,out1_2sec_shift_filt,0.0
cleaned_transformed_ds3.csv,out1_2sec_shift_noise_filt,2.999999995102103
cleaned_transformed_ds3.csv,out1_4sec_shift,0.9999999949122615
cleaned_transformed_ds3.csv,out1_4sec_shift_noise,0.9999999949122615
cleaned_transformed_ds3.csv,out1_4sec_shift_filt,0.9999999949122615
cleaned_transformed_ds3.csv,out1_4sec_shift_noise_filt,0.9999999949122615
cleaned_transformed_ds3.csv,out1_6sec_shift,0.999999995001099
cleaned_transformed_ds3.csv,out1_6sec_shift_noise,0.999999995001099
cleaned_transformed_ds3.csv,out1_6sec_shift_filt,0.0
cleaned_transformed_ds3.csv,out1_6sec_shift_noise_filt,2.999999995102142
cleaned_transformed_ds3.csv,out1_8sec_shift,0.0
cleaned_transformed_ds3.csv,out1_8sec_shift_noise,0.0
cleaned_transformed_ds3.csv,out1_8sec_shift_filt,1.9999999950071925
cleaned_transformed_ds3.csv,out1_8sec_shift_noise_filt,0.999999995001099
cleaned_transformed_ds3.csv,out1_10sec_shift,0.999999995001099
cleaned_transformed_ds3.csv,out1_10sec_shift_noise,0.999999995001099
cleaned_transformed_ds3.csv,out1_10sec_shift_filt,2.999999995102142
cleaned_transformed_ds3.csv,out1_10sec_shift_noise_filt,2.999999995102142
cleaned_transformed_ds3.csv,out2_2sec_shift,0.0
cleaned_transformed_ds3.csv,out2_2sec_shift_noise,2.999999995102142
cleaned_transformed_ds3.csv,out2_2sec_shift_filt,1.9999999950071925
cleaned_transformed_ds3.csv,out2_2sec_shift_noise_filt,0.0
cleaned_transformed_ds3.csv,out2_4sec_shift,0.999999995001099
cleaned_transformed_ds3.csv,out2_4sec_shift_noise,0.999999995001099
cleaned_transformed_ds3.csv,out2_4sec_shift_filt,2.999999995102142
cleaned_transformed_ds3.csv,out2_4sec_shift_noise_filt,2.999999995102142
cleaned_transformed_ds3.csv,out2_6sec_shift,0.9999999949122615
cleaned_transformed_ds3.csv,out2_6sec_shift_noise,0.9999999949122615
cleaned_transformed_ds3.csv,out2_6sec_shift_filt,0.999999995001099
cleaned_transformed_ds3.csv,out2_6sec_shift_noise_filt,0.0
cleaned_transformed_ds3.csv,out2_8sec_shift,0.9999999949122615
cleaned_transformed_ds3.csv,out2_8sec_shift_noise,0.9999999949122615
cleaned_transformed_ds3.csv,out2_8sec_shift_filt,0.9999999949122615
cleaned_transformed_ds3.csv,out2_8sec_shift_noise_filt,0.999999995001099
cleaned_transformed_ds3.csv,out2_10sec_shift,2.999999995102142
cleaned_transformed_ds3.csv,out2_10sec_shift_noise,2.999999995102142
cleaned_transformed_ds3.csv,out2_10sec_shift_filt,1.99999999500728
cleaned_transformed_ds3.csv,out2_10sec_shift_noise_filt,1.99999999500728
